2017-07-28 06:24:00,0.301711156214,0.293596625328,,
2017-07-28 06:26:00,0.300398529486,0.349932312965,,
2017-07-28 06:28:00,0.287819874864,0.311533749104,,
2017-07-28 06:30:00,0.291965571852,0.300963819027,,
2017-07-28 06:32:00,0.297116266322,0.300395548344,,
2017-07-28 06:34:00,0.297676267137,0.302988886833,,
2017-07-28 06:36:00,0.287917996265,0.310241162777,,
2017-07-28 06:38:00,0.286632371248,0.300399780273,,
2017-07-28 06:40:00,0.278457212259,0.28787368536,,
2017-07-28 06:42:00,0.276355769872,0.294475018978,,
2017-07-28 06:44:00,0.26397450124,0.287704110146,,
2017-07-28 06:46:00,0.273734691894,0.285410642624,,
2017-07-28 06:48:00,0.278648522224,0.272257566452,,
2017-07-28 06:50:00,0.283851135643,0.28901720047,,
2017-07-28 06:52:00,0.293971740585,0.29212552309,,
2017-07-28 06:54:00,0.299330783769,0.286947190762,,
2017-07-28 06:56:00,0.274363322235,0.300446271896,,
2017-07-28 06:58:00,0.284375877094,0.302267372608,,
2017-07-28 07:00:00,0.255808298258,0.266057014465,,
2017-07-28 07:02:00,0.282034608804,0.297651529312,,
2017-07-28 07:04:00,0.29225233187,0.264269530773,,
2017-07-28 07:06:00,0.268207875614,0.300399303436,,
2017-07-28 07:08:00,0.291225946957,0.31126499176,,
2017-07-28 07:10:00,0.320572232346,0.251828074455,,
2017-07-28 07:12:00,0.286829775311,0.306441187859,,
2017-07-28 07:14:00,0.267873529754,0.34300327301,,
2017-07-28 07:16:00,0.299740726761,0.262556552887,,
2017-07-28 07:18:00,0.307294666547,0.261008381844,,
2017-07-28 07:20:00,0.312597290098,0.338514506817,,
2017-07-28 07:22:00,0.301049921993,0.317930519581,,
2017-07-28 07:24:00,0.329002520285,0.301558554173,,
2017-07-28 07:26:00,0.305906622824,0.296920835972,,
2017-07-28 07:28:00,0.301922957111,0.34259557724,,
2017-07-28 07:30:00,0.334768127148,0.301593780518,,
2017-07-28 07:32:00,0.352858797465,0.332779973745,,
2017-07-28 07:34:00,0.311503855329,0.33240583539,,
2017-07-28 07:36:00,0.318020401609,0.31677544117,,
2017-07-28 07:38:00,0.335415327103,0.322595834732,,
2017-07-28 07:40:00,0.29437613931,0.362022250891,,
2017-07-28 07:42:00,0.300089555973,0.336511969566,,
2017-07-28 07:44:00,0.287214653645,0.313269168139,,
2017-07-28 07:46:00,0.276249038872,0.345608204603,,
2017-07-28 07:48:00,0.256099823143,0.311585366726,,
2017-07-28 07:50:00,0.251075414038,0.308056890965,,
2017-07-28 07:52:00,0.267300489901,0.297523140907,,
2017-07-28 07:54:00,0.269197922097,0.292032122612,,
2017-07-28 07:56:00,0.257939499006,0.280329018831,,
2017-07-28 07:58:00,0.249826870102,0.266088604927,,
2017-07-28 08:00:00,0.268707301957,0.273599267006,,
2017-07-28 08:02:00,0.291459513555,0.280764132738,,
2017-07-28 08:04:00,0.280201822111,0.28099912405,,
2017-07-28 08:06:00,0.275152090135,0.271556437016,,
2017-07-28 08:08:00,0.30873154052,0.27254986763,,
2017-07-28 08:10:00,0.319896812727,0.29758566618,,
2017-07-28 08:12:00,0.327917728057,0.305887103081,,
2017-07-28 08:14:00,0.327812577077,0.289889425039,,
2017-07-28 08:16:00,0.347273460763,0.313166737556,,
2017-07-28 08:18:00,0.356094507855,0.326749920845,,
2017-07-28 08:20:00,0.368240307813,0.341422110796,,
2017-07-28 08:22:00,0.392104991603,0.338471055031,,
2017-07-28 08:24:00,0.389408829504,0.35394141078,,
2017-07-28 08:26:00,0.398754126668,0.367859840393,,
2017-07-28 08:28:00,0.415535623973,0.369650751352,,
2017-07-28 08:30:00,0.42805908817,0.394976228476,,
2017-07-28 08:32:00,0.417111871016,0.399876594543,,
2017-07-28 08:34:00,0.438699368012,0.403914928436,,
2017-07-28 08:36:00,0.458972321963,0.411318302155,,
2017-07-28 08:38:00,0.462024971527,0.43555778265,,
2017-07-28 08:40:00,0.445639002226,0.427730560303,,
2017-07-28 08:42:00,0.446350883666,0.435323268175,,
2017-07-28 08:44:00,0.418175734918,0.450316369534,,
2017-07-28 08:46:00,0.422051638162,0.463868200779,,
2017-07-28 08:48:00,0.430634824512,0.443188875914,,
2017-07-28 08:50:00,0.426021535151,0.451672911644,,
2017-07-28 08:52:00,0.443602201459,0.430815815926,,
2017-07-28 08:54:00,0.441343756654,0.422636628151,,
2017-07-28 08:56:00,0.43207586528,0.437185794115,,
2017-07-28 08:58:00,0.430504625238,0.428285509348,,
2017-07-28 09:00:00,0.442196791465,0.439109444618,,
2017-07-28 09:02:00,0.441725357763,0.444507181644,,
2017-07-28 09:04:00,0.416840436496,0.440742880106,,
2017-07-28 09:06:00,0.437794075651,0.432780891657,,
2017-07-28 09:08:00,0.428217655968,0.43443775177,,
2017-07-28 09:10:00,0.414147829197,0.452370971441,,
2017-07-28 09:12:00,0.423591770407,0.422028422356,,
2017-07-28 09:14:00,0.43693345804,0.432083785534,,
2017-07-28 09:16:00,0.417262280914,0.437589436769,,
2017-07-28 09:18:00,0.432303274421,0.424668192863,,
2017-07-28 09:20:00,0.39803346147,0.417944043875,,
2017-07-28 09:22:00,0.407878985563,0.442469477654,,
2017-07-28 09:24:00,0.422666299773,0.414431333542,,
2017-07-28 09:26:00,0.383236407625,0.437431097031,,
2017-07-28 09:28:00,0.344254213236,0.414734333754,,
2017-07-28 09:30:00,0.373547870208,0.397223323584,,
2017-07-28 09:32:00,0.380572350972,0.414551824331,,
2017-07-28 09:34:00,0.346318418251,0.410449564457,,
2017-07-28 09:36:00,0.336927309494,0.361635029316,,
2017-07-28 09:38:00,0.358018081545,0.36271327734,,
2017-07-28 09:40:00,0.33645771627,0.385273188353,,
2017-07-28 09:42:00,0.300153106961,0.369820803404,,
2017-07-28 09:44:00,0.318236691844,0.340109348297,,
2017-07-28 09:46:00,0.329193480809,0.351899683475,,
2017-07-28 09:48:00,0.31445497709,0.358978539705,,
2017-07-28 09:50:00,0.28247176574,0.321850001812,,
2017-07-28 09:52:00,0.307016781087,0.319023936987,,
2017-07-28 09:54:00,0.284761597621,0.328022003174,,
2017-07-28 09:56:00,0.284836329262,0.338335096836,,
2017-07-28 09:58:00,0.277450909007,0.293992608786,,
2017-07-28 10:00:00,0.243547286069,0.314140290022,,
2017-07-28 10:02:00,0.244314116312,0.300263792276,,
2017-07-28 10:04:00,0.244860167447,0.287912786007,,
2017-07-28 10:06:00,0.233925607583,0.295166254044,,
2017-07-28 10:08:00,0.207443953388,0.266727030277,,
2017-07-28 10:10:00,0.21183944559,0.255940377712,,
2017-07-28 10:12:00,0.196544453289,0.252890527248,,
2017-07-28 10:14:00,0.281050106999,0.255737781525,,0.281050106999
2017-07-28 10:16:00,0.279404184232,0.226254686713,,
2017-07-28 10:18:00,0.275172003577,0.254097759724,,
2017-07-28 10:20:00,0.237962678378,0.210755124688,,
2017-07-28 10:22:00,0.263492914445,0.272776663303,,
2017-07-28 10:24:00,0.228256305516,0.282001107931,,
2017-07-28 10:26:00,0.259254422047,0.299850702286,,
2017-07-28 10:28:00,0.252194564663,0.249691858888,,
2017-07-28 10:30:00,0.249297447381,0.283376574516,,
2017-07-28 10:32:00,0.249854504683,0.247977718711,,
2017-07-28 10:34:00,0.248118656026,0.26580876112,,
2017-07-28 10:36:00,0.265474769953,0.268816351891,,
2017-07-28 10:38:00,0.276742721453,0.264165908098,,
2017-07-28 10:40:00,0.243914893677,0.269680142403,,
2017-07-28 10:42:00,0.24546535587,0.265211045742,,
2017-07-28 10:44:00,0.244453504801,0.264501601458,,
2017-07-28 10:46:00,0.20941357909,0.290261238813,,
2017-07-28 10:48:00,0.25279860415,0.266294538975,,
2017-07-28 10:50:00,0.215806643332,0.249875664711,,
2017-07-28 10:52:00,0.257142010518,0.275431215763,,
2017-07-28 10:54:00,0.217171898517,0.220472797751,,
2017-07-28 10:56:00,0.211903151664,0.272364497185,,
2017-07-28 10:58:00,0.215846228657,0.22620652616,,
2017-07-28 11:00:00,0.219196148596,0.263454854488,,
2017-07-28 11:02:00,0.236496942892,0.24498616159,,
2017-07-28 11:04:00,0.227934983134,0.230960547924,,
2017-07-28 11:06:00,0.217956362606,0.236635282636,,
2017-07-28 11:08:00,0.210022587527,0.231138810515,,
2017-07-28 11:10:00,0.215660897597,0.245785415173,,
2017-07-28 11:12:00,0.180528611794,0.244574040174,,
2017-07-28 11:14:00,0.190276737444,0.239393487573,,
2017-07-28 11:16:00,0.184199878897,0.218371883035,,
2017-07-28 11:18:00,0.19558372346,0.237056478858,,
2017-07-28 11:20:00,0.194519322492,0.20537661016,,
2017-07-28 11:22:00,0.191469475407,0.210403382778,,
2017-07-28 11:24:00,0.203113462139,0.203320115805,,
2017-07-28 11:26:00,0.266991153274,0.210320338607,,
2017-07-28 11:28:00,0.307012324787,0.216735944152,,
2017-07-28 11:30:00,0.383980605089,0.228480502963,,
2017-07-28 11:32:00,0.436501291989,0.224542453885,,
2017-07-28 11:34:00,0.508865221728,0.284869223833,,
2017-07-28 11:36:00,0.552976809839,0.317633837461,,
2017-07-28 11:38:00,0.625120888926,0.388816922903,,
2017-07-28 11:40:00,0.691480386024,0.43372091651,,
2017-07-28 11:42:00,0.574945415268,0.507342040539,0.574945415268,
2017-07-28 11:44:00,0.760490748035,0.551196932793,,
2017-07-28 11:46:00,0.78517808258,0.544544041157,,
2017-07-28 11:48:00,0.465177800932,0.658867895603,,
2017-07-28 11:50:00,0.357747038136,0.57790440321,,
2017-07-28 11:52:00,0.229343371477,0.552319824696,,
2017-07-28 11:54:00,0.237248828202,0.623465299606,,
2017-07-28 11:56:00,0.184251141142,0.476055026054,,
2017-07-28 11:58:00,0.151330968922,0.403766572475,,
2017-07-28 12:00:00,0.148634400776,0.259308606386,,
2017-07-28 12:02:00,0.197204952422,0.245661735535,,0.197204952422
2017-07-28 12:04:00,0.206723995448,0.217613205314,,
2017-07-28 12:06:00,0.224333796398,0.194654479623,,
2017-07-28 12:08:00,0.217360020102,0.170401871204,,
2017-07-28 12:10:00,0.201472918684,0.208289146423,,
2017-07-28 12:12:00,0.223003388858,0.218465030193,,
2017-07-28 12:14:00,0.21826390156,0.232466638088,,
2017-07-28 12:16:00,0.228777662498,0.243466377258,,
2017-07-28 12:18:00,0.245258711135,0.219853103161,,
2017-07-28 12:20:00,0.251094832073,0.237876802683,,
2017-07-28 12:22:00,0.243183858691,0.240097537637,,
2017-07-28 12:24:00,0.226266117211,0.242718890309,,
2017-07-28 12:26:00,0.227142335112,0.253578543663,,
2017-07-28 12:28:00,0.225757157202,0.260038256645,,
2017-07-28 12:30:00,0.245761311768,0.261853218079,,
2017-07-28 12:32:00,0.256879567699,0.245995521545,,
2017-07-28 12:34:00,0.276449262728,0.249111562967,,
2017-07-28 12:36:00,0.305124756947,0.243948593736,,
2017-07-28 12:38:00,0.312659507114,0.260859489441,,
2017-07-28 12:40:00,0.300034134169,0.275318026543,,
2017-07-28 12:42:00,0.310197253448,0.284659683704,,
2017-07-28 12:44:00,0.33684994805,0.305178403854,,
2017-07-28 12:46:00,0.412481704709,0.325577020645,,
2017-07-28 12:48:00,0.380486214782,0.321450829506,,
2017-07-28 12:50:00,0.405532833556,0.338625371456,,
2017-07-28 12:52:00,0.415453269343,0.323944926262,,
2017-07-28 12:54:00,0.438692964231,0.408933699131,,
2017-07-28 12:56:00,0.45582048912,0.395087510347,,
2017-07-28 12:58:00,0.45554213749,0.410289347172,,
2017-07-28 13:00:00,0.507696315051,0.42021304369,,
2017-07-28 13:02:00,0.474030435352,0.434212327003,,
2017-07-28 13:04:00,0.46706263341,0.468537628651,,
2017-07-28 13:06:00,0.511974546402,0.442756354809,,
2017-07-28 13:08:00,0.533169897631,0.49423211813,,
2017-07-28 13:10:00,0.540225390687,0.495934218168,,
2017-07-28 13:12:00,0.524916003211,0.471838325262,,
2017-07-28 13:14:00,0.545550303119,0.499477267265,,
2017-07-28 13:16:00,0.545372812263,0.519479453564,,
2017-07-28 13:18:00,0.534693091139,0.536636352539,,
2017-07-28 13:20:00,0.542734949547,0.523652493954,,
2017-07-28 13:22:00,0.609490652761,0.530403137207,,
2017-07-28 13:24:00,0.570685461509,0.536868214607,,
2017-07-28 13:26:00,0.600309219959,0.549133658409,,
2017-07-28 13:28:00,0.486416034225,0.519623041153,0.486416034225,
2017-07-28 13:30:00,0.641391944511,0.572175621986,,
2017-07-28 13:32:00,0.56157269669,0.522240102291,,
2017-07-28 13:34:00,0.427589813435,0.601822257042,,
2017-07-28 13:36:00,0.414221379864,0.476173937321,,
2017-07-28 13:38:00,0.407655285244,0.53463435173,,
2017-07-28 13:40:00,0.424368677295,0.541010558605,,
2017-07-28 13:42:00,0.428826958595,0.461469292641,,
2017-07-28 13:44:00,0.432387717114,0.426900416613,,
2017-07-28 13:46:00,0.439333496181,0.413613498211,,
2017-07-28 13:48:00,0.453536560389,0.424534976482,,
2017-07-28 13:50:00,0.435672998619,0.432654738426,,
2017-07-28 13:52:00,0.414817207117,0.438047170639,,
2017-07-28 13:54:00,0.41484615591,0.433714032173,,
2017-07-28 13:56:00,0.389563444526,0.447090953588,,
2017-07-28 13:58:00,0.38224348793,0.444308340549,,
2017-07-28 14:00:00,0.400685991582,0.416318744421,,
2017-07-28 14:02:00,0.400452875428,0.418833404779,,
2017-07-28 14:04:00,0.357153981262,0.407208561897,,
2017-07-28 14:06:00,0.389358903589,0.38849902153,,
2017-07-28 14:08:00,0.384029768842,0.388592213392,,
2017-07-28 14:10:00,0.364314747177,0.418558269739,,
2017-07-28 14:12:00,0.397585840896,0.370839357376,,
2017-07-28 14:14:00,0.377087314802,0.382123678923,,
2017-07-28 14:16:00,0.407293035538,0.402739107609,,
2017-07-28 14:18:00,0.363555796592,0.367446035147,,
2017-07-28 14:20:00,0.352436473141,0.405512094498,,
2017-07-28 14:22:00,0.351038439162,0.372999876738,,
2017-07-28 14:24:00,0.377043878145,0.405101984739,,
2017-07-28 14:26:00,0.374900418232,0.381703585386,,
2017-07-28 14:28:00,0.374230229001,0.370884418488,,
2017-07-28 14:30:00,0.351418746407,0.356727927923,,
2017-07-28 14:32:00,0.365251715638,0.377395540476,,
2017-07-28 14:34:00,0.358483082833,0.375372231007,,
2017-07-28 14:36:00,0.339595018605,0.387022227049,,
2017-07-28 14:38:00,0.311804341036,0.361771941185,,
2017-07-28 14:40:00,0.351473211422,0.364256381989,,
2017-07-28 14:42:00,0.308869820176,0.361161082983,,
2017-07-28 14:44:00,0.347056620287,0.366920441389,,
2017-07-28 14:46:00,,0.3131968081,,
2017-07-28 14:48:00,,0.365071743727,,
2017-07-28 14:52:00,0.236993567171,,,
2017-07-28 14:54:00,0.239359673296,,,
2017-07-28 14:56:00,0.244304433227,0.304678797722,,
2017-07-28 14:58:00,0.230412392912,0.287728846073,,
2017-07-28 15:00:00,0.26863395001,0.260255992413,,
2017-07-28 15:02:00,0.272386082714,0.249693781137,,
2017-07-28 15:04:00,0.263596884646,0.270607978106,,
2017-07-28 15:06:00,0.254042392814,0.247554525733,,
2017-07-28 15:08:00,0.275795658069,0.270248889923,,
2017-07-28 15:10:00,0.286010773567,0.282680094242,,
2017-07-28 15:12:00,0.286796677317,0.286675393581,,
2017-07-28 15:14:00,0.273242585501,0.271912008524,,
2017-07-28 15:16:00,0.28606456292,0.283092528582,,
2017-07-28 15:18:00,0.293663267304,0.291929215193,,
2017-07-28 15:20:00,0.291393026672,0.303832411766,,
2017-07-28 15:22:00,0.302414920295,0.290786504745,,
2017-07-28 15:24:00,0.306132960165,0.294115692377,,
2017-07-28 15:26:00,0.288565707839,0.307182431221,,
2017-07-28 15:28:00,0.309870846804,0.304120630026,,
2017-07-28 15:30:00,0.299340043629,0.30565777421,,
2017-07-28 15:32:00,0.308573643906,0.324058115482,,
2017-07-28 15:34:00,0.29076578332,0.300022542477,,
2017-07-28 15:36:00,0.322362037352,0.314418196678,,
2017-07-28 15:38:00,0.327656720874,0.307756662369,,
2017-07-28 15:40:00,0.293828596199,0.319817483425,,
2017-07-28 15:42:00,0.274036914099,0.34655547142,,
2017-07-28 15:44:00,0.286714432809,0.317089319229,,
2017-07-28 15:46:00,0.236694189373,0.278337597847,,
2017-07-28 15:48:00,0.262992138285,0.284055948257,,
2017-07-28 15:50:00,0.243456737084,0.257722079754,,
2017-07-28 15:52:00,0.264914141075,0.245511353016,,
2017-07-28 15:54:00,0.251830165087,0.257518351078,,
2017-07-28 15:56:00,0.266290648839,0.257909238338,,
2017-07-28 15:58:00,0.259146411838,0.264490306377,,
2017-07-28 16:00:00,0.273505310846,0.26349657774,,
2017-07-28 16:02:00,0.276384363176,0.269131362438,,
2017-07-28 16:04:00,0.284845863072,0.273159682751,,
2017-07-28 16:06:00,0.296968583927,0.285523056984,,
2017-07-28 16:08:00,0.308425866506,0.290865361691,,
2017-07-28 16:10:00,0.321501613364,0.304604053497,,
2017-07-28 16:12:00,0.36285911615,0.319098234177,,
2017-07-28 16:14:00,0.356021581767,0.333198845387,,
2017-07-28 16:16:00,0.36751397537,0.369663178921,,
2017-07-28 16:18:00,0.395708801776,0.385921657085,,
2017-07-28 16:20:00,0.379049460228,0.380617022514,,
2017-07-28 16:22:00,0.406886898724,0.401809632778,,
2017-07-28 16:24:00,0.3913923331,0.404269814491,,
2017-07-28 16:26:00,0.407701172894,0.406939327717,,
2017-07-28 16:28:00,0.418035365698,0.410225152969,,
2017-07-28 16:30:00,0.428788029819,0.410073399544,,
2017-07-28 16:32:00,0.440211190145,0.423797726631,,
2017-07-28 16:34:00,0.448467738868,0.434999704361,,
2017-07-28 16:36:00,0.429457987408,0.443565905094,,
2017-07-28 16:38:00,0.439178948803,0.451200485229,,
2017-07-28 16:40:00,0.441749127568,0.439767718315,,
2017-07-28 16:42:00,0.428538994257,0.43334877491,,
2017-07-28 16:44:00,0.439350349143,0.442143619061,,
2017-07-28 16:46:00,0.448498380904,0.435904800892,,
2017-07-28 16:48:00,0.462759157134,0.434342384338,,
2017-07-28 16:50:00,0.480655035098,0.447594165802,,
2017-07-28 16:52:00,0.457820600138,0.461100399494,,
2017-07-28 16:54:00,0.445021946688,0.476498544216,,
2017-07-28 16:56:00,0.463860304811,0.467189490795,,
2017-07-28 16:58:00,0.457470274447,0.442445278168,,
2017-07-28 17:00:00,0.455607447487,0.449623286724,,
2017-07-28 17:02:00,0.426632351874,0.460442662239,,
2017-07-28 17:04:00,0.454067638675,0.45442032814,,
2017-07-28 17:06:00,0.449200627424,0.433674812317,,
2017-07-28 17:08:00,0.444845460581,0.437738895416,,
2017-07-28 17:10:00,0.446250071991,0.453879535198,,
2017-07-28 17:12:00,0.464793961788,0.447707474232,,
2017-07-28 17:14:00,0.419415856391,0.443538367748,,
2017-07-28 17:16:00,0.459807971945,0.457455277443,,
2017-07-28 17:18:00,0.444874848186,0.438318490982,,
2017-07-28 17:20:00,0.394001717714,0.437641382217,,
2017-07-28 17:22:00,0.438487132038,0.454057514668,,
2017-07-28 17:24:00,0.39815942918,0.413231909275,,
2017-07-28 17:26:00,0.398978752411,0.413073956966,,
2017-07-28 17:28:00,0.398772782653,0.420990645885,,
2017-07-28 17:30:00,0.37360360923,0.400226950645,,
2017-07-28 17:32:00,0.395267901979,0.401667118073,,
2017-07-28 17:34:00,0.368032302875,0.390954494476,,
2017-07-28 17:36:00,0.342380614758,0.391986489296,,
2017-07-28 17:38:00,0.357355568122,0.390127956867,,
2017-07-28 17:40:00,0.36850167773,0.358646988869,,
2017-07-28 17:42:00,0.361875498049,0.358274698257,,
2017-07-28 17:44:00,0.338842918298,0.381186902523,,
2017-07-28 17:46:00,0.322805505845,0.3833963871,,
2017-07-28 17:48:00,0.31276970955,0.359062671661,,
2017-07-28 17:50:00,0.304409251869,0.333738029003,,
2017-07-28 17:52:00,0.309978326733,0.321854948997,,
2017-07-28 17:54:00,0.291363267735,0.314145505428,,
2017-07-28 17:56:00,0.286946660455,0.316435039043,,
2017-07-28 17:58:00,0.276402457055,0.307815492153,,
2017-07-28 18:00:00,0.260621447309,0.291797697544,,
2017-07-28 18:02:00,0.271792618438,0.284901499748,,
2017-07-28 18:04:00,0.266640968107,0.267461359501,,
2017-07-28 18:06:00,0.247812622987,0.269262731075,,
2017-07-28 18:08:00,0.220061271718,0.276063024998,,
2017-07-28 18:10:00,0.232550141273,0.25576031208,,
2017-07-28 18:12:00,0.223678846252,0.222972154617,,
2017-07-28 18:14:00,0.21338480555,0.220433354378,,
2017-07-28 18:16:00,0.195193476987,0.228150248528,,
2017-07-28 18:18:00,0.274379407237,0.212404489517,,0.274379407237
2017-07-28 18:20:00,0.281853595119,0.193307042122,,
2017-07-28 18:22:00,0.309920221964,0.247831046581,,
2017-07-28 18:24:00,0.286761712305,0.307058513165,,
2017-07-28 18:26:00,0.288068824253,0.315911531448,,
2017-07-28 18:28:00,0.286762940715,0.310585081577,,
2017-07-28 18:30:00,0.292051010973,0.290557205677,,
2017-07-28 18:32:00,0.319149878547,0.294921159744,,
2017-07-28 18:34:00,0.303754540672,0.298719406128,,
2017-07-28 18:36:00,0.267118920385,0.323618590832,,
2017-07-28 18:38:00,0.262977867591,0.327010154724,,
2017-07-28 18:40:00,0.26803478473,0.281853020191,,
2017-07-28 18:42:00,0.285774890996,0.258833944798,,
2017-07-28 18:44:00,0.294670422099,0.269396781921,,
2017-07-28 18:46:00,0.298753871555,0.288706362247,,
2017-07-28 18:48:00,0.268158863284,0.305629014969,,
2017-07-28 18:50:00,,0.310021817684,,
2017-07-28 18:52:00,0.250210262394,0.28555470705,,
2017-07-28 18:54:00,0.260796853374,,,
2017-07-28 18:56:00,0.274512832981,0.251229286194,,
2017-07-28 18:58:00,0.26094692568,0.255692720413,,
2017-07-28 19:00:00,0.263451658838,0.278265535831,,
2017-07-28 19:02:00,0.238445613705,0.273954927921,,
2017-07-28 19:04:00,0.228247337483,0.264060080051,,
2017-07-28 19:06:00,0.257672050759,0.248476266861,,
2017-07-28 19:08:00,0.226894970032,0.224805772305,,
2017-07-28 19:10:00,0.253036770965,0.247759699821,,
2017-07-28 19:12:00,0.207500144809,0.244513630867,,
2017-07-28 19:14:00,0.219110258901,0.239780664444,,
2017-07-28 19:16:00,0.232662037007,0.225965201855,,
2017-07-28 19:18:00,0.221283184813,0.201987028122,,
2017-07-28 19:20:00,0.21603839685,0.22983288765,,
2017-07-28 19:22:00,0.220696140681,0.227755367756,,
2017-07-28 19:24:00,0.212430811398,0.213045716286,,
2017-07-28 19:26:00,0.238358234959,0.215794801712,,
2017-07-28 19:28:00,0.293376417296,0.213658869267,,
2017-07-28 19:30:00,0.372220993709,0.228273689747,,
2017-07-28 19:32:00,0.438554339074,0.289804518223,,
2017-07-28 19:34:00,0.452696289587,0.379906773567,,
2017-07-28 19:36:00,0.564497626659,0.459596633911,,
2017-07-28 19:38:00,0.588057098495,0.480221629143,,
2017-07-28 19:40:00,0.549800220925,0.535592138767,0.549800220925,
2017-07-28 19:42:00,0.683977261679,0.59508562088,,
2017-07-28 19:44:00,0.60906923114,0.560656249523,,
2017-07-28 19:46:00,0.44960659274,0.607084214687,,
2017-07-28 19:48:00,0.508591938167,0.611241281033,,
2017-07-28 19:50:00,0.423523064695,0.472943902016,,
2017-07-28 19:52:00,0.23968522493,0.425409793854,,
2017-07-28 19:54:00,0.228053392668,0.439889609814,,
2017-07-28 19:56:00,0.216935227864,0.284005463123,,
2017-07-28 19:58:00,0.193623718134,0.179978728294,,
2017-07-28 20:00:00,0.152877520773,0.210088193417,,
2017-07-28 20:02:00,0.214781743058,0.192995905876,,0.214781743058
2017-07-28 20:04:00,0.225349409774,0.14920270443,,
2017-07-28 20:06:00,0.273339330011,0.179235577583,,
2017-07-28 20:08:00,0.22301018827,0.235998988152,,
2017-07-28 20:10:00,0.21776002887,0.267357468605,,
2017-07-28 20:12:00,0.230431588462,0.252452552319,,
2017-07-28 20:14:00,0.235502103967,0.205719411373,,
2017-07-28 20:16:00,0.233141711227,0.222964763641,,
2017-07-28 20:18:00,0.237871915205,0.237548530102,,
2017-07-28 20:20:00,0.249076589501,0.235965311527,,
2017-07-28 20:22:00,0.242316738328,0.236702442169,,
2017-07-28 20:24:00,0.236068917121,0.248929858208,,
2017-07-28 20:26:00,0.249888285302,0.249398052692,,
2017-07-28 20:28:00,0.258052927393,0.237490415573,,
2017-07-28 20:30:00,0.278017527931,0.24589830637,,
2017-07-28 20:32:00,0.27720086289,0.262567162514,,
2017-07-28 20:34:00,0.281066161029,0.280413746834,,
2017-07-28 20:36:00,0.311871661837,0.289700627327,,
2017-07-28 20:38:00,0.354107208831,0.287330806255,,
2017-07-28 20:40:00,0.336698681474,0.313811898232,,
2017-07-28 20:42:00,0.36954884316,0.364286184311,,
2017-07-28 20:44:00,0.393081488386,0.369349241257,,
2017-07-28 20:46:00,0.378469302009,0.372943162918,,
2017-07-28 20:48:00,0.443332378074,0.405825793743,,
2017-07-28 20:50:00,0.445124119283,0.404855906963,,
2017-07-28 20:52:00,0.463791944125,0.429965138435,,
2017-07-28 20:54:00,0.465382584467,0.463080465794,,
2017-07-28 20:56:00,0.495952525043,0.466184258461,,
2017-07-28 20:58:00,0.54080166168,0.467388629913,,
2017-07-28 21:00:00,0.512360885855,0.483989775181,,
2017-07-28 21:02:00,0.527555885297,0.524961590767,,
2017-07-28 21:04:00,0.537541918075,0.523736357689,,
2017-07-28 21:06:00,0.551067891888,0.506875932217,,
2017-07-28 21:08:00,0.556726415363,0.519819438457,,
2017-07-28 21:10:00,0.613457024151,0.534573733807,,
2017-07-28 21:12:00,0.519274357515,0.541089713573,0.519274357515,
2017-07-28 21:14:00,0.623788859491,0.576135158539,,
2017-07-28 21:16:00,0.506696252207,0.542003631592,,
2017-07-28 21:18:00,0.394613503603,0.550072550774,,
2017-07-28 21:20:00,0.42471839501,0.537409961224,,
2017-07-28 21:22:00,0.430548998809,0.40161126852,,
2017-07-28 21:24:00,0.439874022105,0.371162891388,,
2017-07-28 21:26:00,0.431304104529,0.426075220108,,
2017-07-28 21:28:00,0.442175710051,0.444824695587,,
2017-07-28 21:30:00,0.469897154511,0.438912808895,,
2017-07-28 21:32:00,0.464723152664,0.439038336277,,
2017-07-28 21:34:00,0.468925244657,0.462349891663,,
2017-07-28 21:36:00,0.489721660003,0.472207427025,,
2017-07-28 21:38:00,0.480193436976,0.465817987919,,
2017-07-28 21:40:00,0.496837491714,0.478265523911,,
2017-07-28 21:42:00,0.466415553288,0.482615709305,,
2017-07-28 21:44:00,0.485460722962,0.484086871147,,
2017-07-28 21:46:00,0.47111001059,0.472012102604,,
2017-07-28 21:48:00,0.451147155176,0.467134892941,,
2017-07-28 21:50:00,0.469253180512,0.470777571201,,
2017-07-28 21:52:00,0.460419308283,0.45164334774,,
2017-07-28 21:54:00,0.447094816902,0.45308047533,,
2017-07-28 21:56:00,0.458933934751,0.462108194828,,
2017-07-28 21:58:00,0.455910783358,0.448696374893,,
2017-07-28 22:00:00,0.46178566688,0.448629438877,,
2017-07-28 22:02:00,0.459816979096,0.456252813339,,
2017-07-28 22:04:00,0.467972728063,0.458157896996,,
2017-07-28 22:06:00,0.44499393164,0.458784461021,,
2017-07-28 22:08:00,0.438770794541,0.462329506874,,
2017-07-28 22:10:00,0.437562225439,0.451396286488,,
2017-07-28 22:12:00,0.382842608969,0.434714972973,,
2017-07-28 22:14:00,0.423099840284,0.433831632137,,
2017-07-28 22:16:00,0.402690990533,0.402760744095,,
2017-07-28 22:18:00,0.396226033375,0.401892185211,,
2017-07-28 22:20:00,0.392436992076,0.419139444828,,
2017-07-28 22:22:00,0.382367618771,0.405039966106,,
2017-07-28 22:24:00,0.410680764224,0.39755320549,,
2017-07-28 22:26:00,0.376604811897,0.393208563328,,
2017-07-28 22:28:00,0.379506103374,0.407678842545,,
2017-07-28 22:30:00,0.375256960099,0.402599573135,,
2017-07-28 22:32:00,0.358953166027,0.383625149727,,
2017-07-28 22:34:00,0.390979638441,0.384632587433,,
2017-07-28 22:36:00,0.359533506159,0.376287221909,,
2017-07-28 22:38:00,0.359393636422,0.388786435127,,
2017-07-28 22:40:00,0.346155249156,0.388421595097,,
2017-07-28 22:42:00,0.338925705976,0.368271052837,,
2017-07-28 22:44:00,0.370090871391,0.361821532249,,
2017-07-28 22:46:00,0.345084957362,0.351552903652,,
2017-07-28 22:48:00,0.340532356101,0.373443305492,,
2017-07-28 22:50:00,0.355512530055,0.376063227654,,
2017-07-28 22:52:00,0.327282358088,0.350771307945,,
2017-07-28 22:54:00,0.336159236235,0.363572061062,,
2017-07-28 22:56:00,0.310972907576,0.353264629841,,
2017-07-28 22:58:00,0.334568605506,0.33984285593,,
2017-07-28 23:00:00,0.355912697089,0.331488370895,,
2017-07-28 23:02:00,0.341146083839,0.333784043789,,
2017-07-28 23:04:00,0.35367284677,0.369679927826,,
2017-07-28 23:06:00,0.339839341201,0.36722278595,,
2017-07-28 23:08:00,0.333217105409,0.361891210079,,
2017-07-28 23:10:00,0.313644581506,0.361102581024,,
2017-07-28 23:12:00,0.356436726487,0.345569491386,,
2017-07-28 23:14:00,0.341226348757,0.329020380974,,
2017-07-28 23:16:00,0.354234068111,0.352214217186,,
2017-07-28 23:18:00,0.338394771263,0.371191382408,,
2017-07-28 23:20:00,0.338794346743,0.36331307888,,
2017-07-28 23:22:00,0.350890155988,0.360288858414,,
2017-07-28 23:24:00,0.362302399406,0.348845601082,,
2017-07-28 23:26:00,0.3425237315,0.361284077168,,
2017-07-28 23:28:00,0.333231110585,0.378079354763,,
2017-07-28 23:30:00,0.369795188983,0.367058157921,,
2017-07-28 23:32:00,0.349517491073,0.344765722752,,
2017-07-28 23:34:00,0.366278834442,0.370650410652,,
2017-07-28 23:36:00,0.321047567015,0.380513131618,,
2017-07-28 23:38:00,0.342800277638,0.373573184013,,
2017-07-28 23:40:00,0.335670990457,0.35171765089,,
2017-07-28 23:42:00,0.324849509929,0.345376610756,,
2017-07-28 23:44:00,0.321542148814,0.337320506573,,
2017-07-28 23:46:00,0.30122837286,0.340916574001,,
2017-07-28 23:48:00,0.30267055523,0.330496490002,,
2017-07-28 23:50:00,0.292339609611,0.31742978096,,
2017-07-28 23:52:00,0.308235558852,0.313220560551,,
2017-07-28 23:54:00,0.286715736328,0.304922282696,,
2017-07-28 23:56:00,0.286680835387,0.314517915249,,
2017-07-28 23:58:00,0.288513402692,0.305358111858,,
2017-07-29 00:00:00,0.286127370046,0.303193867207,,
2017-07-29 00:02:00,0.300783312167,0.297606825829,,
2017-07-29 00:04:00,0.307643250618,0.300707101822,,
2017-07-29 00:06:00,0.312370364153,0.308524608612,,
2017-07-29 00:08:00,0.335402214797,0.316248893738,,
2017-07-29 00:10:00,0.374120006411,0.324046850204,,
2017-07-29 00:12:00,0.383948050005,0.337045133114,,
2017-07-29 00:14:00,0.369272677891,0.365656077862,,
2017-07-29 00:16:00,0.37262930405,0.386525213718,,
2017-07-29 00:18:00,0.388280439496,0.383960962296,,
2017-07-29 00:20:00,0.382799337169,0.375976324081,,
2017-07-29 00:22:00,0.391818678713,0.381511509418,,
2017-07-29 00:24:00,0.418627262261,0.386578142643,,
2017-07-29 00:26:00,0.443874255364,0.392047345638,,
2017-07-29 00:28:00,0.44473369597,0.406192421913,,
2017-07-29 00:30:00,0.459790353948,0.431383192539,,
2017-07-29 00:32:00,0.46581206244,0.442855060101,,
2017-07-29 00:34:00,0.456425084382,0.451165854931,,
2017-07-29 00:36:00,0.479868003926,0.454897046089,,
2017-07-29 00:38:00,0.465836255686,0.45397913456,,
2017-07-29 00:40:00,0.483096971924,0.462549746037,,
2017-07-29 00:42:00,0.431076642526,0.459316253662,,
2017-07-29 00:44:00,0.47056140481,0.470379590988,,
2017-07-29 00:46:00,0.479405966313,0.439892530441,,
2017-07-29 00:48:00,0.499815781523,0.451261639595,,
2017-07-29 00:50:00,0.442912880258,0.456496715546,,
2017-07-29 00:52:00,0.471813962591,0.486992418766,,
2017-07-29 00:54:00,0.47376810472,0.455846846104,,
2017-07-29 00:56:00,0.458160581077,0.456159591675,,
2017-07-29 00:58:00,0.481678788748,0.45277261734,,
2017-07-29 01:00:00,0.467331410218,0.45987957716,,
2017-07-29 01:02:00,0.476960941333,0.46333616972,,
2017-07-29 01:04:00,0.479960411475,0.459597706795,,
2017-07-29 01:06:00,0.450930884093,0.467402100563,,
2017-07-29 01:08:00,0.462603676132,0.465389370918,,
2017-07-29 01:10:00,0.466355291151,0.454264521599,,
2017-07-29 01:12:00,0.458296249785,0.450485289097,,
2017-07-29 01:14:00,0.456765731562,0.450674057007,,
2017-07-29 01:16:00,0.472462641227,0.45457726717,,
2017-07-29 01:18:00,0.418798766896,0.449733793736,,
2017-07-29 01:20:00,0.42532171972,0.456002235413,,
2017-07-29 01:22:00,0.442353185556,0.431943237782,,
2017-07-29 01:24:00,0.440922684934,0.421735405922,,
2017-07-29 01:26:00,0.434592581121,0.421199142933,,
2017-07-29 01:28:00,0.403191450112,0.43654435873,,
2017-07-29 01:30:00,0.41826911622,0.434325754642,,
2017-07-29 01:32:00,0.425366175836,0.41136020422,,
2017-07-29 01:34:00,0.379929854769,0.409115493298,,
2017-07-29 01:36:00,0.404112414166,0.413522541523,,
2017-07-29 01:38:00,0.379827144454,0.398476421833,,
2017-07-29 01:40:00,0.388237772326,0.396303892136,,
2017-07-29 01:42:00,0.354079766236,0.381066501141,,
2017-07-29 01:44:00,0.330185341658,0.390541136265,,
2017-07-29 01:46:00,0.34388283772,0.36539709568,,
2017-07-29 01:48:00,0.325672385163,0.347044944763,,
2017-07-29 01:50:00,0.330347123917,0.339770019054,,
2017-07-29 01:52:00,0.328407856091,0.335823535919,,
2017-07-29 01:54:00,0.298934004288,0.339406907558,,
2017-07-29 01:56:00,0.274181772863,0.334152162075,,
2017-07-29 01:58:00,0.295251309333,0.321055829525,,
2017-07-29 02:00:00,0.289438494781,0.296682298183,,
2017-07-29 02:02:00,0.288953545655,0.295961558819,,
2017-07-29 02:04:00,0.276862479679,0.300314962864,,
2017-07-29 02:06:00,0.267832034946,0.306335091591,,
2017-07-29 02:08:00,0.237735692736,0.294579446316,,
2017-07-29 02:10:00,0.244026631588,0.286657631397,,
2017-07-29 02:12:00,0.25592072733,0.264871776104,,
2017-07-29 02:14:00,0.216814020108,0.259543657303,,
2017-07-29 02:16:00,0.232836314183,0.264597296715,,
2017-07-29 02:18:00,0.217082381619,0.252855598927,,
2017-07-29 02:20:00,0.204464663739,0.250501275063,,
2017-07-29 02:22:00,0.207010948948,0.237733364105,,
2017-07-29 02:24:00,0.202634516953,0.235505998135,,
2017-07-29 02:26:00,0.202677335421,0.227342486382,,
2017-07-29 02:28:00,0.223859407864,0.226319849491,,
2017-07-29 02:30:00,0.215457107436,0.227680444717,,
2017-07-29 02:32:00,0.197577030859,0.23838698864,,
2017-07-29 02:34:00,0.205789009761,0.241120874882,,
2017-07-29 02:36:00,0.207783221849,0.23210144043,,
2017-07-29 02:38:00,0.180013209547,0.225820124149,,
2017-07-29 02:40:00,0.200395219165,0.227924287319,,
2017-07-29 02:42:00,0.197852549362,0.217580378056,,
2017-07-29 02:44:00,0.192967274697,0.219175577164,,
2017-07-29 02:46:00,0.199771447746,0.218964755535,,
2017-07-29 02:48:00,0.174557216402,0.223962247372,,
2017-07-29 02:50:00,0.184684387765,0.222142100334,,
2017-07-29 02:52:00,0.180332744363,0.209709048271,,
2017-07-29 02:54:00,0.20297297661,0.209534883499,,
2017-07-29 02:56:00,0.181972452034,0.204659640789,,
2017-07-29 02:58:00,0.182062314422,0.222323536873,,
2017-07-29 03:00:00,0.158724144061,0.215056240559,,
2017-07-29 03:02:00,0.17144570957,0.213223934174,,
2017-07-29 03:04:00,0.179282101545,0.192396700382,,
2017-07-29 03:06:00,0.183454145989,0.196002483368,,
2017-07-29 03:08:00,0.176048527149,0.200332939625,,
2017-07-29 03:10:00,0.167244344221,0.211558938026,,
2017-07-29 03:12:00,0.162112166549,0.20778208971,,
2017-07-29 03:14:00,0.170722751837,0.199816942215,,
2017-07-29 03:16:00,0.186903420399,0.192120313644,,
2017-07-29 03:18:00,0.15903570929,0.195147812366,,
2017-07-29 03:20:00,0.146020987484,0.207647800446,,
2017-07-29 03:22:00,0.158523836815,0.199488162994,,
2017-07-29 03:24:00,0.171857858447,0.184668242931,,
2017-07-29 03:26:00,0.166340259931,0.17984187603,,
2017-07-29 03:28:00,0.227055791911,0.194023013115,,
2017-07-29 03:30:00,0.255073410912,0.199633657932,,
2017-07-29 03:32:00,0.273771375888,0.232117056847,,
2017-07-29 03:34:00,0.346731082338,0.263618350029,,
2017-07-29 03:36:00,0.381263674796,0.294513463974,,
2017-07-29 03:38:00,0.404793987103,0.335384368896,,
2017-07-29 03:40:00,0.444275625761,0.375976383686,,
2017-07-29 03:42:00,0.477303408285,0.409414172173,,
2017-07-29 03:44:00,0.507358272308,0.43190819025,,
2017-07-29 03:46:00,0.503325213056,0.460789680481,,
2017-07-29 03:48:00,0.482995730809,0.490725159645,,
2017-07-29 03:50:00,0.395740068046,0.49656021595,,
2017-07-29 03:52:00,0.22448960043,0.483147919178,,
2017-07-29 03:54:00,0.2316167869,0.42156791687,,
2017-07-29 03:56:00,0.191294478739,0.294986069202,,
2017-07-29 03:58:00,0.182220083212,0.233578264713,,
2017-07-29 04:00:00,0.140038140818,0.199026048183,,
2017-07-29 04:02:00,0.159837639905,0.213288068771,,
2017-07-29 04:04:00,0.15399227552,0.17840641737,,
2017-07-29 04:06:00,0.148489030497,0.181944847107,,
2017-07-29 04:08:00,0.153903893185,0.179175496101,,
2017-07-29 04:10:00,0.155730901831,0.185277879238,,
2017-07-29 04:12:00,0.159681768221,0.182011604309,,
2017-07-29 04:14:00,0.167428283919,0.184836447239,,
2017-07-29 04:16:00,0.154885955511,0.189566254616,,
2017-07-29 04:18:00,0.165833809023,0.194509923458,,
2017-07-29 04:20:00,0.150470271392,0.190252423286,,
2017-07-29 04:22:00,0.168978313041,0.193101346493,,
2017-07-29 04:24:00,0.175920772005,0.184327721596,,
2017-07-29 04:26:00,0.182554602453,0.194065690041,,
2017-07-29 04:28:00,0.175554929601,0.199148952961,,
2017-07-29 04:30:00,0.169341654399,0.211050868034,,
2017-07-29 04:32:00,0.190220683667,0.207080185413,,
2017-07-29 04:34:00,0.189644602975,0.201289355755,,
2017-07-29 04:36:00,0.194285028875,0.208664774895,,
2017-07-29 04:38:00,0.222081668919,0.215087771416,,
2017-07-29 04:40:00,0.227292175682,0.222269594669,,
2017-07-29 04:42:00,0.253234968101,0.23550593853,,
2017-07-29 04:44:00,0.227075301532,0.248093783855,,
2017-07-29 04:46:00,0.252275107514,0.268328607082,,
2017-07-29 04:48:00,0.258534088995,0.257684528828,,
2017-07-29 04:50:00,0.276239180154,0.267205893993,,
2017-07-29 04:52:00,0.269980707954,0.269432544708,,
2017-07-29 04:54:00,0.304920019216,0.290453732014,,
2017-07-29 04:56:00,0.295545271415,0.289060235023,,
2017-07-29 04:58:00,0.316302377302,0.308697938919,,
2017-07-29 05:00:00,0.315845503971,0.310143530369,,
2017-07-29 05:02:00,0.342795598112,0.326077282429,,
2017-07-29 05:04:00,0.323703739507,0.324432730675,,
2017-07-29 05:06:00,0.340636834899,0.344746768475,,
2017-07-29 05:08:00,0.366830542968,0.338674604893,,
2017-07-29 05:10:00,0.383404767169,0.346965432167,,
2017-07-29 05:12:00,0.348092996543,0.358851969242,,
2017-07-29 05:14:00,0.393074788074,0.382798373699,,
2017-07-29 05:16:00,0.369760077096,0.369667351246,,
2017-07-29 05:18:00,0.378815322077,0.382028222084,,
2017-07-29 05:20:00,0.382040096089,0.373938441277,,
2017-07-29 05:22:00,0.415717688997,0.38588064909,,
2017-07-29 05:24:00,0.409752709459,0.378391027451,,
2017-07-29 05:26:00,0.411604416807,0.404117822647,,
2017-07-29 05:28:00,0.426422657428,0.410291492939,,
2017-07-29 05:30:00,0.4452057095,0.414739429951,,
2017-07-29 05:32:00,0.427131988605,0.416558146477,,
2017-07-29 05:34:00,0.437800972664,0.43318015337,,
2017-07-29 05:36:00,0.449215726926,0.431171834469,,
2017-07-29 05:38:00,0.453373128294,0.432089745998,,
2017-07-29 05:40:00,0.450828258527,0.435340166092,,
2017-07-29 05:42:00,0.455588557537,0.446379303932,,
2017-07-29 05:44:00,0.422684108343,0.446323871613,,
2017-07-29 05:46:00,0.446942447566,0.44687050581,,
2017-07-29 05:48:00,0.465373764754,0.428671121597,,
2017-07-29 05:50:00,0.455484855167,0.43324816227,,
2017-07-29 05:52:00,0.45956780159,0.444661438465,,
2017-07-29 05:54:00,0.470118609503,0.45504283905,,
2017-07-29 05:56:00,0.434257926845,0.453072071075,,
2017-07-29 05:58:00,0.401810513111,0.455252766609,,
2017-07-29 06:00:00,0.425625575377,0.440893948078,,
2017-07-29 06:02:00,0.39481001009,0.41246420145,,
2017-07-29 06:04:00,0.407692490061,0.407507061958,,
2017-07-29 06:06:00,0.412805267891,0.398471832275,,
2017-07-29 06:08:00,0.404958341235,0.406005620956,,
2017-07-29 06:10:00,0.35964502074,0.403284430504,,
2017-07-29 06:12:00,0.391581048181,0.408267199993,,
2017-07-29 06:14:00,0.399888527331,0.378885746002,,
2017-07-29 06:16:00,0.394519229131,0.380303561687,,
2017-07-29 06:18:00,0.365844796412,0.388546526432,,
2017-07-29 06:20:00,0.3557334131,0.40185379982,,
