2017-08-02 01:10:00,0.474885976766,,,
2017-08-02 01:12:00,0.48152172749,,,
2017-08-02 01:14:00,0.494001741749,,,
2017-08-02 01:15:00,0.495786729197,,,
2017-08-02 01:16:00,0.52185478359,,,
2017-08-02 01:18:00,0.51441622849,,,
2017-08-02 01:20:00,0.53754827309,,,
2017-08-02 01:22:00,0.51945758798,0.518778145313,,
2017-08-02 01:24:00,0.565371406427,0.52195584774,,
2017-08-02 01:26:00,0.566088854759,0.525929629803,0.562221004093,
2017-08-02 01:28:00,0.562221004093,0.53885191679,,
2017-08-02 01:30:00,0.579074668923,0.572048127651,,
2017-08-02 01:32:00,0.585307463032,0.555954635143,,
2017-08-02 01:34:00,0.511828552542,0.564907252789,,
2017-08-02 01:36:00,0.513860035087,0.580203235149,,
2017-08-02 01:38:00,0.534059691855,0.52975910902,,
2017-08-02 01:40:00,0.514633357293,0.485857665539,,
2017-08-02 01:42:00,0.558026228034,0.522736608982,,
2017-08-02 01:44:00,0.559120691727,0.520769417286,,
2017-08-02 01:46:00,0.544950238909,0.532148241997,,
2017-08-02 01:48:00,0.536387657624,0.564494669437,,
2017-08-02 01:50:00,0.550692523614,0.542504489422,,
2017-08-02 01:52:00,0.541832121215,0.528280794621,,
2017-08-02 01:54:00,0.521183875011,0.53704226017,,
2017-08-02 01:56:00,0.531466316946,0.542108416557,,
2017-08-02 01:58:00,0.511027541334,0.51873588562,,
2017-08-02 02:00:00,0.555296651088,0.516125023365,,
2017-08-02 02:02:00,0.508215016002,0.514758050442,,
2017-08-02 02:04:00,0.51118445117,0.529010772705,,
2017-08-02 02:06:00,0.505431788267,0.529991030693,,
2017-08-02 02:08:00,0.540684900634,0.490677654743,,
2017-08-02 02:10:00,0.528481844278,0.503005385399,,
2017-08-02 02:12:00,0.531073988498,0.522012352943,,
2017-08-02 02:14:00,0.496287689482,0.536467552185,,
2017-08-02 02:16:00,0.508726126693,0.520316898823,,
2017-08-02 02:18:00,0.484735139067,0.502483963966,,
2017-08-02 02:20:00,0.46859847903,0.489373028278,,
2017-08-02 02:22:00,0.484069279509,0.491229772568,,
2017-08-02 02:24:00,0.474962845843,0.46236205101,,
2017-08-02 02:26:00,0.477957710765,0.470437824726,,
2017-08-02 02:28:00,0.458369446685,0.478269457817,,
2017-08-02 02:30:00,0.484181304798,0.470140039921,,
2017-08-02 02:32:00,0.476079766648,0.461660265923,,
2017-08-02 02:34:00,0.430337089929,0.466352880001,,
2017-08-02 02:36:00,0.437372255096,0.482136130333,,
2017-08-02 02:38:00,0.448272665363,0.438946068287,,
2017-08-02 02:40:00,0.418315205998,0.419152200222,,
2017-08-02 02:42:00,0.441599673284,0.444350421429,,
2017-08-02 02:44:00,0.412984658856,0.428475081921,,
2017-08-02 02:46:00,0.400771013113,0.423038184643,,
2017-08-02 02:48:00,0.411996832297,0.426804959774,,
2017-08-02 02:50:00,0.393902255902,0.394569814205,,
2017-08-02 02:52:00,0.428633454901,0.403578400612,,
2017-08-02 02:54:00,0.434222625013,0.401697635651,,
2017-08-02 02:56:00,0.421743275012,0.410726845264,,
2017-08-02 02:58:00,0.408407318706,0.440506756306,,
2017-08-02 03:00:00,0.408125817931,0.424922645092,,
2017-08-02 03:02:00,0.431328743525,0.407118022442,,
2017-08-02 03:04:00,0.404468903881,0.402834713459,,
2017-08-02 03:06:00,0.415034385892,0.422116339207,,
2017-08-02 03:08:00,0.416051885785,0.417940020561,,
2017-08-02 03:10:00,0.402974555938,0.40210288763,,
2017-08-02 03:12:00,0.431959742114,0.417241334915,,
2017-08-02 03:14:00,0.404061064506,0.405805885792,,
2017-08-02 03:16:00,0.439753015143,0.417153477669,,
2017-08-02 03:18:00,0.399498999874,0.419630587101,,
2017-08-02 03:20:00,0.409831391618,0.418140351772,,
2017-08-02 03:22:00,0.388704781732,0.420940876007,,
2017-08-02 03:24:00,0.448522639904,0.393131613731,,
2017-08-02 03:26:00,0.434306653711,0.397456169128,,
2017-08-02 03:28:00,0.445287506165,0.421571195126,,
2017-08-02 03:30:00,0.425694255327,0.453883111477,,
2017-08-02 03:32:00,0.455868486695,0.434656500816,,
2017-08-02 03:34:00,0.437770068075,0.432641983032,,
2017-08-02 03:36:00,0.442797221479,0.437809169292,,
2017-08-02 03:38:00,0.452049544426,0.449540317059,,
2017-08-02 03:40:00,0.446476707423,0.432996809483,,
2017-08-02 03:42:00,0.431872630046,0.447742938995,,
2017-08-02 03:44:00,0.458120920373,0.447895944118,,
2017-08-02 03:46:00,0.429801150672,0.432087600231,,
2017-08-02 03:48:00,0.43929277871,0.442688643932,,
2017-08-02 03:50:00,0.398296129353,0.443696558475,,
2017-08-02 03:52:00,0.397693539562,0.42529463768,,
2017-08-02 03:54:00,0.350019039704,0.412219822407,,
2017-08-02 03:56:00,0.370611025327,0.384579002857,,
2017-08-02 03:58:00,0.386091461883,0.364826798439,,
2017-08-02 04:00:00,0.354539494124,0.350365698338,,
2017-08-02 04:02:00,0.35373810529,0.387254536152,,
2017-08-02 04:04:00,0.35588647639,0.368924438953,,
2017-08-02 04:06:00,0.364905617077,0.34515440464,,
2017-08-02 04:08:00,0.360027848074,0.355705559254,,
2017-08-02 04:10:00,0.387444699874,0.363090395927,,
2017-08-02 04:12:00,0.417366125973,0.364517688751,,
2017-08-02 04:14:00,0.422666281222,0.377214670181,,
2017-08-02 04:16:00,0.444316967061,0.414905905724,,
2017-08-02 04:18:00,0.458456462084,0.427842140198,,
2017-08-02 04:20:00,0.47466883889,0.436520159245,,
2017-08-02 04:22:00,0.471625166351,0.457296609879,,
2017-08-02 04:24:00,0.473182086192,0.469967246056,,
2017-08-02 04:26:00,0.51041619892,0.473357379436,,
2017-08-02 04:28:00,0.507028668875,0.467769503593,,
2017-08-02 04:30:00,0.544484960404,0.49452662468,,
2017-08-02 04:32:00,0.514922972034,0.513802051544,,
2017-08-02 04:34:00,0.555414652389,0.525562763214,,
2017-08-02 04:36:00,0.563665962663,0.529182672501,,
2017-08-02 04:38:00,0.595286550072,0.527399897575,,
2017-08-02 04:40:00,0.577513196582,0.565943479538,,
2017-08-02 04:42:00,0.574715584369,0.57956725359,,
2017-08-02 04:44:00,0.616457892934,0.584104895592,,
2017-08-02 04:46:00,0.589002805357,0.562224388123,,
2017-08-02 04:48:00,0.568602079328,0.593929767609,,
2017-08-02 04:50:00,0.539166505966,0.601058959961,,
2017-08-02 04:52:00,0.586937426005,0.558602809906,,
2017-08-02 04:54:00,0.574430482023,0.535374462605,,
2017-08-02 04:56:00,0.572681119239,0.555869996548,,
2017-08-02 04:58:00,0.571990863217,0.584563612938,,
2017-08-02 05:00:00,0.592520470308,0.56145042181,,
2017-08-02 05:02:00,0.601186582251,0.563948869705,,
2017-08-02 05:04:00,0.570285781009,0.57770884037,,
2017-08-02 05:06:00,0.5646847205,0.595832109451,,
2017-08-02 05:08:00,0.585686454492,0.574141561985,,
2017-08-02 05:10:00,0.567972334783,0.549610078335,,
2017-08-02 05:12:00,0.598007894441,0.569674253464,,
2017-08-02 05:14:00,0.578526902899,0.571822822094,,
2017-08-02 05:16:00,0.566512868009,0.575024783611,,
2017-08-02 05:18:00,0.553610295672,0.585230588913,,
2017-08-02 05:20:00,0.585859173286,0.556549608707,,
2017-08-02 05:22:00,0.567090809943,0.546852231026,,
2017-08-02 05:24:00,0.558076015781,0.56427448988,,
2017-08-02 05:26:00,0.558188426672,0.574660897255,,
2017-08-02 05:28:00,0.551124530269,0.547756850719,,
2017-08-02 05:30:00,0.535697514504,0.548312187195,,
2017-08-02 05:32:00,0.508172902186,0.546299159527,,
2017-08-02 05:34:00,0.514733202298,0.531753182411,,
2017-08-02 05:36:00,0.523233207659,0.506396830082,,
2017-08-02 05:38:00,0.498761176689,0.499118864536,,
2017-08-02 05:40:00,0.493763260465,0.516903936863,,
2017-08-02 05:42:00,0.460431184154,0.503496289253,,
2017-08-02 05:44:00,0.465621825804,0.483154714108,,
2017-08-02 05:46:00,0.451604703853,0.465382456779,,
2017-08-02 05:48:00,0.453407629144,0.450529277325,,
2017-08-02 05:50:00,0.441217988226,0.454280793667,,
2017-08-02 05:52:00,0.423844891059,0.445474624634,,
2017-08-02 05:54:00,0.41147973255,0.442660987377,,
2017-08-02 05:56:00,0.40671257641,0.423252105713,,
2017-08-02 05:58:00,0.415365600286,0.408414125443,,
2017-08-02 06:00:00,0.403565988487,0.403106749058,,
2017-08-02 06:02:00,0.371511548476,0.409712195396,,
2017-08-02 06:04:00,0.37890683439,0.408337950706,,
2017-08-02 06:06:00,0.365328550102,0.377339661121,,
2017-08-02 06:08:00,0.371564882784,0.366917848587,,
2017-08-02 06:10:00,0.336107110322,0.371849000454,,
2017-08-02 06:12:00,0.35235238986,0.365601241589,,
2017-08-02 06:14:00,0.33829661139,0.349762141705,,
2017-08-02 06:16:00,0.29536328491,0.337688148022,,
2017-08-02 06:18:00,0.306534159461,0.34864449501,,
2017-08-02 06:20:00,0.322087083621,0.306621134281,,
2017-08-02 06:22:00,0.300057370073,0.29300069809,,
2017-08-02 06:24:00,0.327470856435,0.322874009609,,
2017-08-02 06:26:00,0.307249365054,0.313804626465,,
2017-08-02 06:28:00,0.243567737858,0.31442630291,,
2017-08-02 06:30:00,0.255746643471,0.323864400387,,
2017-08-02 06:32:00,0.249037053265,0.261043071747,,
2017-08-02 06:34:00,0.294456574739,0.237736821175,,
2017-08-02 06:36:00,0.269350563957,0.259584367275,,
2017-08-02 06:38:00,0.279493045449,0.281953454018,,
2017-08-02 06:40:00,0.263145750855,0.294142842293,,
2017-08-02 06:42:00,0.274566480514,0.2723274827,,
2017-08-02 06:44:00,0.283472176606,0.27520263195,,
2017-08-02 06:46:00,0.261227891291,0.269979417324,,
2017-08-02 06:48:00,,0.2876547575,,
2017-08-02 06:50:00,0.275578778426,0.274558246136,,
2017-08-02 06:54:00,0.262774785262,0.259129464626,,
2017-08-02 06:56:00,0.271414354247,,,
2017-08-02 06:58:00,0.255920652656,0.283085227013,,
2017-08-02 07:00:00,0.240983784661,0.26867634058,,
2017-08-02 07:02:00,0.257231172479,0.267501533031,,
2017-08-02 07:04:00,0.251315076719,0.245706915855,,
2017-08-02 07:06:00,0.243891162593,0.252429068089,,
2017-08-02 07:08:00,0.244701407284,0.262525677681,,
2017-08-02 07:10:00,0.240984180326,0.249102473259,,
2017-08-02 07:12:00,0.255268978163,0.247112572193,,
2017-08-02 07:14:00,0.271159880937,0.247324407101,,
2017-08-02 07:16:00,0.265352850617,0.254378557205,,
2017-08-02 07:18:00,0.265200956404,0.274554431438,,
2017-08-02 07:20:00,0.259347785185,0.275749921799,,
2017-08-02 07:22:00,0.250377811749,0.267485380173,,
2017-08-02 07:24:00,0.25239013465,0.265315532684,,
2017-08-02 07:26:00,0.280575867328,0.255888223648,,
2017-08-02 07:28:00,0.271482097126,0.253691613674,,
2017-08-02 07:30:00,0.256812493718,0.276367485523,,
2017-08-02 07:32:00,0.251302290835,0.286319851875,,
2017-08-02 07:34:00,0.214093298126,0.262658715248,,
2017-08-02 07:36:00,0.271983576029,0.253180623055,,
2017-08-02 07:38:00,0.273033184151,0.229479670525,,
2017-08-02 07:40:00,0.247022159518,0.247696042061,,
2017-08-02 07:42:00,0.212777842489,0.293833196163,,
2017-08-02 07:44:00,0.23555187167,0.259459912777,,
2017-08-02 07:46:00,0.251940555485,0.221178770065,,
2017-08-02 07:48:00,0.220627005615,0.223976075649,,
2017-08-02 07:50:00,0.239463406746,0.258592069149,,
2017-08-02 07:52:00,0.257824294036,0.240361571312,,
2017-08-02 07:54:00,0.241339308087,0.229571223259,,
2017-08-02 07:56:00,0.229435979087,0.262485265732,,
2017-08-02 07:58:00,0.239725014145,0.256516575813,,
2017-08-02 08:00:00,0.253577512963,0.233372151852,,
2017-08-02 08:02:00,0.246281703827,0.238256514072,,
2017-08-02 08:04:00,0.275540449327,0.257099688053,,
2017-08-02 08:06:00,0.254350135956,0.257264494896,,
2017-08-02 08:08:00,0.232365727599,0.268339574337,,
2017-08-02 08:10:00,0.233968998554,0.273769021034,,
2017-08-02 08:12:00,0.245416261842,0.237707138062,,
2017-08-02 08:14:00,0.257294368748,0.232304275036,,
2017-08-02 08:16:00,0.231630199219,0.247426152229,,
2017-08-02 08:18:00,0.242365194049,0.261536300182,,
2017-08-02 08:20:00,0.237325660295,0.247990369797,,
2017-08-02 08:22:00,0.263046320088,0.236444413662,,
2017-08-02 08:24:00,0.254844507818,0.247228741646,,
2017-08-02 08:26:00,0.255984293057,0.258052587509,,
2017-08-02 08:28:00,0.264858136169,0.26936095953,,
2017-08-02 08:30:00,0.27287282131,0.257486999035,,
2017-08-02 08:32:00,0.235103784887,0.266674995422,,
2017-08-02 08:34:00,0.263492470572,0.276888668537,,
2017-08-02 08:36:00,0.275889461486,0.253755807877,,
2017-08-02 08:38:00,0.249619456781,0.247984051704,,
2017-08-02 08:40:00,0.267330611155,0.284477174282,,
2017-08-02 08:42:00,0.334646588554,0.265540838242,,
2017-08-02 08:44:00,0.267375680035,0.258212685585,,
2017-08-02 08:46:00,0.29379545527,0.32158523798,,
2017-08-02 08:48:00,0.296728978142,0.311044633389,,
2017-08-02 08:50:00,0.31019058316,0.268659830093,,
2017-08-02 08:52:00,0.333068096904,0.306849122047,,
2017-08-02 08:54:00,0.318022560548,0.309284389019,,
2017-08-02 08:56:00,0.358638747727,0.331746220589,,
2017-08-02 08:58:00,0.362031420646,0.331188440323,,
2017-08-02 09:00:00,0.370290765415,0.342549800873,,
2017-08-02 09:02:00,0.381558727923,0.373478114605,,
2017-08-02 09:04:00,0.390278173681,0.368670701981,,
2017-08-02 09:06:00,0.378545629299,0.380236566067,,
2017-08-02 09:08:00,0.40548933336,0.390241444111,,
2017-08-02 09:10:00,0.413070432167,0.384207844734,,
2017-08-02 09:12:00,0.415406889777,0.39266782999,,
2017-08-02 09:14:00,0.422266444977,0.417240202427,,
2017-08-02 09:16:00,0.433984715208,0.415098667145,,
2017-08-02 09:18:00,0.443702871305,0.418893814087,,
2017-08-02 09:20:00,0.435106522954,0.430099010468,,
2017-08-02 09:22:00,0.44062771467,0.441454052925,,
2017-08-02 09:24:00,0.458815930514,0.437961161137,,
2017-08-02 09:26:00,0.456946590962,0.433683097363,,
2017-08-02 09:28:00,0.480542972365,0.449366360903,,
2017-08-02 09:30:00,0.486977855916,0.450226634741,,
2017-08-02 09:32:00,0.487974446457,0.463689416647,,
2017-08-02 09:34:00,0.512022608501,0.47432744503,,
2017-08-02 09:36:00,0.501903315448,0.476630598307,,
2017-08-02 09:38:00,0.507854309409,0.494141727686,,
2017-08-02 09:40:00,0.518048099972,0.49414947629,,
2017-08-02 09:42:00,0.503250407622,0.496643394232,,
2017-08-02 09:44:00,0.524421945447,0.507087469101,,
2017-08-02 09:46:00,0.529711809983,0.499098032713,,
2017-08-02 09:48:00,0.508399735347,0.50914400816,,
2017-08-02 09:50:00,0.523605066229,0.517228722572,,
2017-08-02 09:52:00,,0.50443983078,,
2017-08-02 09:54:00,0.479787715589,0.513126850128,,
2017-08-02 09:56:00,0.389886778988,,,
2017-08-02 09:58:00,0.429022198309,0.485694438219,,
2017-08-02 10:00:00,0.430431500054,0.436713248491,,
2017-08-02 10:02:00,0.439402632149,0.436574876308,,
2017-08-02 10:04:00,0.425918966638,0.43682834506,,
2017-08-02 10:06:00,0.436184294186,0.425608247519,,
2017-08-02 10:08:00,0.415956548325,0.427754551172,,
2017-08-02 10:10:00,0.448810655937,0.431393831968,,
2017-08-02 10:12:00,0.420913300016,0.423418909311,,
2017-08-02 10:14:00,0.430194117853,0.435037791729,,
2017-08-02 10:16:00,0.426003496991,0.427156090736,,
2017-08-02 10:18:00,0.427588585969,0.424265235662,,
2017-08-02 10:20:00,0.417803131478,0.429258614779,,
2017-08-02 10:22:00,0.414291909396,0.424093663692,,
2017-08-02 10:24:00,0.403767679132,0.42086237669,,
2017-08-02 10:26:00,0.411089217393,0.416720479727,,
2017-08-02 10:28:00,0.427634788305,0.410336524248,,
2017-08-02 10:30:00,0.404688260933,0.410341918468,,
2017-08-02 10:32:00,0.419012782148,0.419344812632,,
2017-08-02 10:34:00,0.405912745557,0.408382087946,,
2017-08-02 10:36:00,0.398570487038,0.413972854614,,
2017-08-02 10:38:00,0.403098898098,0.4120182693,,
2017-08-02 10:40:00,0.373486505012,0.401970088482,,
2017-08-02 10:42:00,0.405517360141,0.405398458242,,
2017-08-02 10:44:00,0.414477601049,0.387813359499,,
2017-08-02 10:46:00,0.398571341231,0.3985234797,,
2017-08-02 10:48:00,0.396388581718,0.408578574657,,
2017-08-02 10:50:00,0.386105377261,0.397101134062,,
2017-08-02 10:52:00,0.373123038041,0.399767249823,,
2017-08-02 10:54:00,0.377941929929,0.395142227411,,
2017-08-02 10:56:00,0.392928021088,0.383285820484,,
2017-08-02 10:58:00,0.421184989184,0.38291785121,,
2017-08-02 11:00:00,0.39554574874,0.389336884022,,
2017-08-02 11:02:00,0.412105063506,0.404411613941,,
2017-08-02 11:04:00,0.38640732219,0.397380918264,,
2017-08-02 11:06:00,0.418066976693,0.405396729708,,
2017-08-02 11:08:00,0.393191469031,0.399553507566,,
2017-08-02 11:10:00,0.399209180405,0.407436698675,,
2017-08-02 11:12:00,0.412390228211,0.402237415314,,
2017-08-02 11:14:00,0.40328536666,0.397103309631,,
2017-08-02 11:16:00,0.428062853701,0.410661011934,,
2017-08-02 11:18:00,0.405252339193,0.403396517038,,
2017-08-02 11:20:00,0.420618618716,0.416762769222,,
2017-08-02 11:22:00,0.424216661944,0.411258101463,,
2017-08-02 11:24:00,0.410042549789,0.41436329484,,
2017-08-02 11:26:00,0.437320076298,0.423142522573,,
2017-08-02 11:28:00,0.427059481519,0.412087082863,,
2017-08-02 11:30:00,0.420644850393,0.427241832018,,
2017-08-02 11:32:00,0.418496356102,0.426988214254,,
2017-08-02 11:34:00,0.416557893021,0.419697403908,,
2017-08-02 11:36:00,0.429251206766,0.42249161005,,
2017-08-02 11:38:00,0.430190317297,0.418942153454,,
2017-08-02 11:40:00,0.423915602876,0.423967987299,,
2017-08-02 11:42:00,0.440552399114,0.4261687994,,
2017-08-02 11:44:00,0.416109313637,0.422917574644,,
2017-08-02 11:46:00,0.446038558869,0.433122962713,,
2017-08-02 11:48:00,0.416587176183,0.423060297966,,
2017-08-02 11:50:00,0.404276825987,0.43519359827,,
2017-08-02 11:52:00,0.373021396878,0.429862678051,,
2017-08-02 11:54:00,0.368701000384,0.414408475161,,
2017-08-02 11:56:00,0.385649961964,0.400642335415,,
2017-08-02 11:58:00,0.368735331346,0.386846363544,,
2017-08-02 12:00:00,0.362664849856,0.391655057669,,
2017-08-02 12:02:00,0.357248268441,0.379393577576,,
2017-08-02 12:04:00,0.353864497914,0.372209519148,,
2017-08-02 12:06:00,0.329879388648,0.370298296213,,
2017-08-02 12:08:00,0.341116823829,0.363336026669,,
2017-08-02 12:10:00,0.370480093123,0.347974389791,,
2017-08-02 12:12:00,0.381436183573,0.348371595144,,
2017-08-02 12:14:00,0.396123340639,0.364216595888,,
2017-08-02 12:16:00,0.416130066205,0.370587706566,,
2017-08-02 12:18:00,0.415143884072,0.383406549692,,
2017-08-02 12:20:00,0.416624450224,0.402478724718,,
2017-08-02 12:22:00,0.423689033186,0.408106833696,,
2017-08-02 12:24:00,0.429491632104,0.412245094776,,
2017-08-02 12:26:00,0.451315272627,0.42008125782,,
2017-08-02 12:28:00,0.480872823181,0.424414932728,,
2017-08-02 12:30:00,0.462165640533,0.437604397535,,
2017-08-02 12:32:00,0.483144891127,0.458779126406,,
2017-08-02 12:34:00,0.504974427676,0.457381248474,,
2017-08-02 12:36:00,0.510270717745,0.471972316504,,
2017-08-02 12:38:00,0.52051779127,0.492305636406,,
2017-08-02 12:40:00,0.543992369767,0.495967715979,,
2017-08-02 12:42:00,0.528421610134,0.507080852985,,
2017-08-02 12:44:00,0.525581763157,0.525690436363,,
2017-08-02 12:46:00,0.531352994413,0.522912979126,,
2017-08-02 12:48:00,0.53210551183,0.521465420723,,
2017-08-02 12:50:00,0.535927300822,0.528082728386,,
2017-08-02 12:52:00,0.536916319845,0.526377022266,,
2017-08-02 12:54:00,0.53575887255,0.528146147728,,
2017-08-02 12:56:00,0.517969443428,0.530394911766,,
2017-08-02 12:58:00,0.541823707868,0.530220389366,,
2017-08-02 13:00:00,0.526849498748,0.521472930908,,
2017-08-02 13:02:00,0.516558191737,0.531114935875,,
2017-08-02 13:04:00,0.518987710809,0.526597321033,,
2017-08-02 13:06:00,0.531715834211,0.51581466198,,
2017-08-02 13:08:00,0.524115780738,0.519482135773,,
2017-08-02 13:10:00,0.520248485663,0.523392558098,,
2017-08-02 13:12:00,0.547268412709,0.519653916359,,
2017-08-02 13:14:00,0.532528862204,0.517171144485,,
2017-08-02 13:16:00,0.55234456036,0.533071875572,,
2017-08-02 13:18:00,0.536361534119,0.525591790676,,
2017-08-02 13:20:00,0.550027330369,0.532054305077,,
2017-08-02 13:22:00,0.530736434302,0.53345477581,,
2017-08-02 13:24:00,0.492844298864,0.537697136402,,
2017-08-02 13:26:00,0.515676498887,0.530621647835,,
2017-08-02 13:28:00,0.504426188319,0.504752516747,,
2017-08-02 13:30:00,0.505437269647,0.511017560959,,
2017-08-02 13:32:00,0.473613462393,0.503732204437,,
2017-08-02 13:34:00,0.481312985107,0.495772778988,,
2017-08-02 13:36:00,0.495967434574,0.48377853632,,
2017-08-02 13:38:00,0.464959297664,0.479524731636,,
2017-08-02 13:40:00,0.472574416173,0.487661838531,,
2017-08-02 13:42:00,0.449076887503,0.46768951416,,
2017-08-02 13:44:00,0.443422024813,0.468327671289,,
2017-08-02 13:46:00,0.445353628339,0.459059387445,,
2017-08-02 13:48:00,0.442738039611,0.446152597666,,
2017-08-02 13:50:00,0.430445161817,0.447080314159,,
2017-08-02 13:52:00,0.407853342831,0.441024631262,,
2017-08-02 13:54:00,0.408009234243,0.432974934578,,
2017-08-02 13:56:00,0.386310777653,0.419305086136,,
2017-08-02 13:58:00,0.379734630748,0.414553374052,,
2017-08-02 14:00:00,0.356747501986,0.399881750345,,
2017-08-02 14:02:00,0.392684437123,0.388479948044,,
2017-08-02 14:04:00,0.376789249896,0.374668896198,,
2017-08-02 14:06:00,0.348449052692,0.385241091251,,
2017-08-02 14:08:00,0.35100590714,0.380941599607,,
2017-08-02 14:10:00,0.364312630053,0.360075712204,,
2017-08-02 14:12:00,0.339105567877,0.363148897886,,
2017-08-02 14:14:00,0.335313603824,0.366566836834,,
2017-08-02 14:16:00,0.31095757522,0.350403219461,,
2017-08-02 14:18:00,0.337992517456,0.344956457615,,
2017-08-02 14:20:00,0.293309336147,0.333230346441,,
2017-08-02 14:22:00,0.305123127616,0.338423460722,,
2017-08-02 14:24:00,0.307678823143,0.317673385143,,
2017-08-02 14:26:00,0.280869210975,0.312336444855,,
2017-08-02 14:28:00,0.28509449387,0.319599926472,,
2017-08-02 14:30:00,0.2915364404,0.297613531351,,
2017-08-02 14:32:00,0.253625198618,0.297617524862,,
2017-08-02 14:34:00,0.273031292465,0.301431030035,,
2017-08-02 14:36:00,0.283125520402,0.277487158775,,
2017-08-02 14:38:00,0.283516172316,0.282232642174,,
2017-08-02 14:40:00,0.292258048675,0.291008472443,,
2017-08-02 14:42:00,0.309537729557,0.286262631416,,
2017-08-02 14:44:00,0.295259388622,0.295095056295,,
2017-08-02 14:46:00,0.283060911181,0.307762742043,,
2017-08-02 14:48:00,0.280091913031,0.303622752428,,
2017-08-02 14:50:00,0.298892722469,0.297003746033,,
2017-08-02 14:52:00,0.287075679542,0.29626378417,,
2017-08-02 14:54:00,0.265797468972,0.302553534508,,
2017-08-02 14:56:00,0.286279247665,0.297150403261,,
2017-08-02 14:58:00,0.261999128543,0.283932685852,,
2017-08-02 15:00:00,0.250180278777,0.294380366802,,
2017-08-02 15:02:00,0.252979884718,0.282168328762,,
2017-08-02 15:04:00,0.241208166482,0.268276154995,,
2017-08-02 15:06:00,0.256127011077,0.270949661732,,
2017-08-02 15:08:00,0.244424964669,0.260156333447,,
2017-08-02 15:10:00,0.245357626415,0.263829946518,,
2017-08-02 15:12:00,0.221032465374,0.26044768095,,
2017-08-02 15:14:00,0.256367769323,0.257145345211,,
2017-08-02 15:16:00,0.236150818022,0.247026860714,,
2017-08-02 15:18:00,0.241116150507,0.2592689991,,
2017-08-02 15:20:00,0.214005686335,0.254164338112,,
2017-08-02 15:22:00,0.238605520933,0.24973076582,,
2017-08-02 15:24:00,0.227095902981,0.242538392544,,
2017-08-02 15:26:00,0.222813955864,0.247099339962,,
2017-08-02 15:28:00,0.245709309693,0.245425403118,,
2017-08-02 15:30:00,0.242920526483,0.23672991991,,
2017-08-02 15:32:00,0.22515000806,0.25254124403,,
2017-08-02 15:34:00,0.23143959238,0.252710103989,,
2017-08-02 15:36:00,0.207529145826,0.242789387703,,
2017-08-02 15:38:00,0.225664846269,0.247436642647,,
2017-08-02 15:40:00,0.0884704787462,0.234826087952,,0.157478901453
2017-08-02 15:42:00,0.157478901453,0.237046420574,,
2017-08-02 15:44:00,0.180979607715,0.168215811253,,
2017-08-02 15:46:00,0.167255204338,0.176832795143,,
2017-08-02 15:48:00,0.184276474152,0.200371682644,,
2017-08-02 15:50:00,0.17241391057,0.172780871391,,
2017-08-02 15:52:00,0.181347425157,0.193620562553,,
2017-08-02 15:54:00,0.176045409687,0.194483101368,,
2017-08-02 15:56:00,0.178728880722,0.195067346096,,
2017-08-02 15:58:00,0.197199978557,0.196791172028,,
2017-08-02 16:00:00,0.193810290024,0.195313692093,,
2017-08-02 16:02:00,0.209517860652,0.207149326801,,
2017-08-02 16:04:00,0.203216044847,0.207665264606,,
2017-08-02 16:06:00,0.202234765952,0.216538131237,,
2017-08-02 16:08:00,0.22660820085,0.219465255737,,
2017-08-02 16:10:00,0.242272674153,0.217745602131,,
2017-08-02 16:12:00,0.230848801123,0.233348727226,,
2017-08-02 16:14:00,0.197833427644,0.24464225769,,
2017-08-02 16:16:00,0.209311694018,0.24196767807,,
2017-08-02 16:18:00,0.226336884886,0.227836370468,,
2017-08-02 16:20:00,0.219515122538,0.230892658234,,
2017-08-02 16:22:00,0.244564316967,0.238635659218,,
2017-08-02 16:24:00,0.232973433558,0.231979489326,,
2017-08-02 16:26:00,0.275249884901,0.246855854988,,
2017-08-02 16:28:00,0.238727295068,0.248218536377,,
2017-08-02 16:30:00,0.248259377379,0.268066287041,,
2017-08-02 16:32:00,0.257170451852,0.260655999184,,
2017-08-02 16:34:00,0.271892672847,0.258757889271,,
2017-08-02 16:36:00,0.260238890671,0.272123396397,,
2017-08-02 16:38:00,0.256734442406,0.274632275105,,
2017-08-02 16:40:00,0.278398071994,0.273058116436,,
2017-08-02 16:42:00,0.291839819383,0.271545767784,,
2017-08-02 16:44:00,0.312810547168,0.284836769104,,
2017-08-02 16:46:00,0.308009784568,0.293204784393,,
2017-08-02 16:48:00,0.330871872633,0.306634068489,,
2017-08-02 16:50:00,0.341090063106,0.312456130981,,
2017-08-02 16:52:00,0.338124786121,0.326997220516,,
2017-08-02 16:54:00,0.353693338533,0.340235471725,,
2017-08-02 16:56:00,0.359688594445,0.340294837952,,
2017-08-02 16:58:00,0.394779342697,0.352604955435,,
2017-08-02 17:00:00,0.376168942357,0.360488474369,,
2017-08-02 17:02:00,0.389026323404,0.380113631487,,
2017-08-02 17:04:00,0.423150648896,0.379292488098,,
2017-08-02 17:06:00,0.413348125095,0.38478320837,,
2017-08-02 17:08:00,0.437160761451,0.411353826523,,
2017-08-02 17:10:00,0.411362014774,0.409073382616,,
2017-08-02 17:12:00,0.463314200792,0.423291414976,,
2017-08-02 17:14:00,0.444686536125,0.420300275087,,
2017-08-02 17:16:00,0.477295419222,0.44211435318,,
2017-08-02 17:18:00,0.475017863185,0.444841563702,,
2017-08-02 17:20:00,0.460090801115,0.455547630787,,
2017-08-02 17:22:00,0.484827698646,0.469256222248,,
2017-08-02 17:24:00,0.501259330435,0.458448588848,,
2017-08-02 17:26:00,0.495311933492,0.474993914366,,
2017-08-02 17:28:00,0.475738507748,0.487057238817,,
2017-08-02 17:30:00,0.482819764355,0.484644532204,,
2017-08-02 17:32:00,0.5048865748,0.48273140192,,
2017-08-02 17:34:00,0.51510893572,0.496964693069,,
2017-08-02 17:36:00,0.513759224167,0.502141416073,,
2017-08-02 17:38:00,0.517920345269,0.497244715691,,
2017-08-02 17:40:00,0.569993046529,0.501191854477,,
2017-08-02 17:42:00,0.554202286705,0.51424652338,,
2017-08-02 17:44:00,0.532939286208,0.548981368542,,
2017-08-02 17:46:00,0.544646337412,0.524964690208,0.516545853832,
2017-08-02 17:48:00,0.516545853832,0.529790580273,,
2017-08-02 17:50:00,0.542608983003,0.557435452938,,
2017-08-02 17:52:00,0.460721987964,0.526019632816,,
2017-08-02 17:54:00,0.454668070127,0.545656561852,,
2017-08-02 17:56:00,0.45547684829,0.484377264977,,
2017-08-02 17:58:00,0.468066414256,0.499980449677,,
2017-08-02 18:00:00,0.432210600432,0.49189478159,,
2017-08-02 18:02:00,0.467126153442,0.4697458148,,
2017-08-02 18:04:00,0.425899706207,0.441801726818,,
2017-08-02 18:06:00,0.420237724233,0.477032840252,,
2017-08-02 18:08:00,0.448460428896,0.437259018421,,
2017-08-02 18:10:00,0.438360268056,0.441091537476,,
2017-08-02 18:12:00,0.440482262214,0.462766826153,,
2017-08-02 18:14:00,0.426127561336,0.432872593403,,
2017-08-02 18:16:00,0.40609485027,0.44173926115,,
2017-08-02 18:18:00,0.404384737776,0.439536869526,,
2017-08-02 18:20:00,0.423189598772,0.42799526453,,
2017-08-02 18:22:00,0.39279709535,0.429894387722,,
2017-08-02 18:24:00,0.417799885295,0.432469129562,,
2017-08-02 18:26:00,0.404503577197,0.400766730309,,
2017-08-02 18:28:00,0.399014490041,0.428836882114,,
2017-08-02 18:30:00,0.377522699337,0.412818312645,,
2017-08-02 18:32:00,0.404628279658,0.408471167088,,
2017-08-02 18:34:00,0.360709351572,0.402056336403,,
2017-08-02 18:36:00,0.398189475068,0.419194757938,,
2017-08-02 18:38:00,0.384490169489,0.377046346664,,
2017-08-02 18:40:00,0.374419385121,0.41184514761,,
2017-08-02 18:42:00,0.372971856942,0.39175516367,,
2017-08-02 18:44:00,0.365399439251,0.38290143013,,
2017-08-02 18:46:00,0.36863638926,0.394582808018,,
2017-08-02 18:48:00,0.361363292774,0.383109927177,,
2017-08-02 18:50:00,0.394220122874,0.383433818817,,
2017-08-02 18:52:00,0.364022461711,0.375671446323,,
2017-08-02 18:54:00,0.367448679436,0.396470785141,,
2017-08-02 18:56:00,0.355309226387,0.367700338364,,
2017-08-02 18:58:00,0.3769958761,0.383563995361,,
2017-08-02 19:00:00,0.361763825696,0.379248201847,,
2017-08-02 19:02:00,0.369946768565,0.386604189873,,
2017-08-02 19:04:00,0.381343543788,0.369278490543,,
2017-08-02 19:06:00,0.381960389118,0.379600644112,,
2017-08-02 19:08:00,0.386854056281,0.388378679752,,
2017-08-02 19:10:00,0.377830144208,0.382215857506,,
2017-08-02 19:12:00,0.391756812216,0.390641212463,,
2017-08-02 19:14:00,0.365091153983,0.387701630592,,
2017-08-02 19:16:00,0.366972531965,0.400343894958,,
2017-08-02 19:18:00,0.375276003707,0.379266440868,,
2017-08-02 19:20:00,0.374096803148,0.388093292713,,
2017-08-02 19:22:00,0.369247657071,0.391309857368,,
2017-08-02 19:24:00,0.390525898969,0.37943649292,,
2017-08-02 19:26:00,0.369675924143,0.379337072372,,
2017-08-02 19:28:00,0.378305092742,0.396652162075,,
2017-08-02 19:30:00,0.372846717709,0.376039743423,,
2017-08-02 19:32:00,0.37643165189,0.39065104723,,
2017-08-02 19:34:00,0.406880616496,0.387258768082,,
2017-08-02 19:36:00,0.379263089058,0.385848641396,,
2017-08-02 19:38:00,0.387852825872,0.405653476715,,
2017-08-02 19:40:00,0.388428742356,0.378726184368,,
2017-08-02 19:42:00,0.391326430237,0.400302171707,,
2017-08-02 19:44:00,0.396762333581,0.402290046215,,
2017-08-02 19:46:00,0.375054634621,0.396398365498,,
2017-08-02 19:48:00,0.39120078632,0.402110219002,,
2017-08-02 19:50:00,0.356707605891,0.387845277786,,
2017-08-02 19:52:00,0.340168394885,0.406360805035,,
2017-08-02 19:54:00,0.346190534163,0.376942098141,,
2017-08-02 19:56:00,0.342460685717,0.372533202171,,
2017-08-02 19:58:00,0.336041354527,0.378412425518,,
2017-08-02 20:00:00,0.334536557565,0.360655069351,,
2017-08-02 20:02:00,0.324307826225,0.356025934219,,
2017-08-02 20:04:00,0.31687694215,0.358783483505,,
2017-08-02 20:06:00,0.331696200183,0.352938234806,,
2017-08-02 20:08:00,0.329352230824,0.351858496666,,
2017-08-02 20:10:00,0.361389481966,0.358559250832,,
2017-08-02 20:12:00,0.351725677448,0.350941002369,,
2017-08-02 20:14:00,0.353365583624,0.367532610893,,
2017-08-02 20:16:00,0.391041016672,0.352840542793,,
2017-08-02 20:18:00,0.411462911984,0.360004663467,,
2017-08-02 20:20:00,0.409142006828,0.391339182854,,
2017-08-02 20:22:00,0.412219224347,0.390612006187,,
2017-08-02 20:24:00,0.427886649864,0.392883360386,,
2017-08-02 20:26:00,0.452722412632,0.413350403309,,
2017-08-02 20:28:00,0.462484419216,0.428851366043,,
2017-08-02 20:30:00,0.443964311788,0.439958870411,,
2017-08-02 20:32:00,0.480172786272,0.443876504898,,
2017-08-02 20:34:00,0.484495283089,0.440808653831,,
2017-08-02 20:36:00,0.482227283234,0.479646861553,,
2017-08-02 20:38:00,0.501712196847,0.471205294132,,
2017-08-02 20:40:00,0.499237196608,0.470694184303,,
2017-08-02 20:42:00,0.50206018487,0.497133553028,,
2017-08-02 20:44:00,0.506335659076,0.491072595119,,
2017-08-02 20:46:00,0.517772940508,0.497352182865,,
2017-08-02 20:48:00,0.521317632622,0.505414485931,,
2017-08-02 20:50:00,0.481520620519,0.51119941473,,
2017-08-02 20:52:00,0.488337398364,0.512200534344,,
2017-08-02 20:54:00,0.497342363132,0.490413427353,,
2017-08-02 20:56:00,0.492468499832,0.510668456554,,
2017-08-02 20:58:00,0.498360644494,0.506239950657,,
2017-08-02 21:00:00,0.508693411829,0.488462984562,,
2017-08-02 21:02:00,0.505873823736,0.49801838398,,
2017-08-02 21:04:00,0.514764691031,0.504819750786,,
2017-08-02 21:06:00,0.489907552794,0.499850034714,,
2017-08-02 21:08:00,0.524095109606,0.510703146458,,
2017-08-02 21:10:00,0.514865324671,0.495525181293,,
2017-08-02 21:12:00,0.509899112782,0.525079846382,,
2017-08-02 21:14:00,0.492257068805,0.506903171539,,
2017-08-02 21:16:00,0.492637291599,0.505829870701,,
2017-08-02 21:18:00,0.477018481896,0.505828738213,,
2017-08-02 21:20:00,0.490138875467,0.506648421288,,
2017-08-02 21:22:00,0.477410838736,0.490853786469,,
2017-08-02 21:24:00,0.486625305902,0.497445642948,,
2017-08-02 21:26:00,0.455366717426,0.482219040394,,
2017-08-02 21:28:00,0.483309905248,0.48925703764,,
2017-08-02 21:30:00,0.47603437439,0.468598604202,,
2017-08-02 21:32:00,0.47763774281,0.492672920227,,
2017-08-02 21:34:00,0.457687484152,0.476077198982,,
2017-08-02 21:36:00,0.458471318635,0.474884033203,,
2017-08-02 21:38:00,0.414753518192,0.469885826111,,
2017-08-02 21:40:00,0.42902419469,0.473835349083,,
2017-08-02 21:42:00,0.424970759176,0.442027330399,,
2017-08-02 21:44:00,0.402810814516,0.456525921822,,
2017-08-02 21:46:00,0.414939219597,0.439926981926,,
2017-08-02 21:48:00,0.394769138133,0.415369153023,,
2017-08-02 21:50:00,0.399705980718,0.433193802834,,
2017-08-02 21:52:00,0.380015829362,0.410494327545,,
2017-08-02 21:54:00,0.408774511022,0.414435327053,,
2017-08-02 21:56:00,0.358692717093,0.400136888027,,
2017-08-02 21:58:00,0.376249387618,0.417884469032,,
2017-08-02 22:00:00,0.360370765547,0.375444948673,,
2017-08-02 22:02:00,0.331381775681,0.400486409664,,
2017-08-02 22:04:00,0.351903156974,0.383741796017,,
2017-08-02 22:06:00,0.335689429574,0.356788039207,,
2017-08-02 22:08:00,0.338451288004,0.380145013332,,
2017-08-02 22:10:00,0.319796773584,0.354976058006,,
2017-08-02 22:12:00,0.308922954774,0.35859900713,,
2017-08-02 22:14:00,0.294699833461,0.351107418537,,
2017-08-02 22:16:00,0.301437748781,0.350019812584,,
2017-08-02 22:18:00,0.283329586928,0.328206896782,,
2017-08-02 22:20:00,0.28320927444,0.324566245079,,
2017-08-02 22:22:00,0.265950452745,0.302588760853,,
2017-08-02 22:24:00,0.257650793359,0.304328143597,,
2017-08-02 22:26:00,0.273031659522,0.281214356422,,
2017-08-02 22:28:00,0.267354325309,0.272668898106,,
2017-08-02 22:30:00,0.282025329258,0.27315479517,,
2017-08-02 22:32:00,0.259572444589,0.264131426811,,
2017-08-02 22:34:00,0.259582524372,0.283194899559,,
2017-08-02 22:36:00,0.259974132317,0.265232682228,,
2017-08-02 22:38:00,0.265541140561,0.271972775459,,
2017-08-02 22:40:00,0.2505893067,0.259793162346,,
2017-08-02 22:42:00,0.238809666537,0.26260226965,,
2017-08-02 22:44:00,0.230900750907,0.252202510834,,
2017-08-02 22:46:00,0.254175401593,0.245737850666,,
2017-08-02 22:48:00,0.246606293274,0.23047888279,,
2017-08-02 22:50:00,0.2477475897,0.239195883274,,
2017-08-02 22:52:00,0.234970902754,0.229913115501,,
2017-08-02 22:54:00,0.233474848353,0.243560791016,,
2017-08-02 22:56:00,0.241415961291,0.231096923351,,
2017-08-02 22:58:00,0.240582782511,0.229282081127,,
2017-08-02 23:00:00,0.22719491989,0.227511882782,,
2017-08-02 23:02:00,0.210559035543,0.225829660892,,
2017-08-02 23:04:00,0.243138399679,0.22051179409,,
2017-08-02 23:06:00,0.248345102633,0.207221746445,,
2017-08-02 23:08:00,0.237804314764,0.222054481506,,
2017-08-02 23:10:00,0.241304102232,0.21760737896,,
2017-08-02 23:12:00,0.215787245538,0.228575587273,,
2017-08-02 23:14:00,0.236154036752,0.235420227051,,
2017-08-02 23:16:00,0.219791317809,0.21087962389,,
2017-08-02 23:18:00,0.220598532135,0.225499391556,,
2017-08-02 23:20:00,0.210111757383,0.199955403805,,
2017-08-02 23:22:00,0.223216990172,0.209934651852,,
2017-08-02 23:24:00,0.222489355792,0.193738520145,,0.245597657602
2017-08-02 23:26:00,0.245597657602,0.202152252197,,
2017-08-02 23:28:00,0.266080682862,0.196392893791,,
2017-08-02 23:30:00,0.248451746535,0.224861443043,,
2017-08-02 23:32:00,0.244378246026,0.237738072872,,
2017-08-02 23:34:00,0.253287237067,0.239911913872,,
2017-08-02 23:36:00,0.246610592135,0.249157905579,,
2017-08-02 23:38:00,0.248468999123,0.246181368828,,
2017-08-02 23:40:00,0.251963403751,0.238434433937,,
2017-08-02 23:42:00,0.24297609469,0.244368493557,,
2017-08-02 23:44:00,0.243236839425,0.243648052216,,
2017-08-02 23:46:00,0.242704875943,0.237974464893,,
2017-08-02 23:48:00,0.25372464602,0.239694714546,,
2017-08-02 23:50:00,0.255653772582,0.234188258648,,
2017-08-02 23:52:00,0.233384211758,0.241906940937,,
2017-08-02 23:54:00,0.243357604034,0.243839681149,,
2017-08-02 23:56:00,0.25631744682,0.23405277729,,
2017-08-02 23:58:00,0.244571004363,0.241585850716,,
2017-08-03 00:00:00,0.248018069811,0.238769352436,,
2017-08-03 00:02:00,0.249037215407,0.235646903515,,
2017-08-03 00:04:00,0.256626623254,0.24562561512,,
2017-08-03 00:06:00,0.255261761763,0.240422427654,,
2017-08-03 00:08:00,0.24616236232,0.247450947762,,
2017-08-03 00:10:00,0.260916533884,0.247810840607,,
2017-08-03 00:12:00,0.247588199806,0.245561778545,,
2017-08-03 00:14:00,0.235766525219,0.255430400372,,
2017-08-03 00:16:00,0.27232694423,0.241181969643,,
2017-08-03 00:18:00,0.244145466776,0.239699721336,,
2017-08-03 00:20:00,0.252351564548,0.258789002895,,
2017-08-03 00:22:00,0.259363634128,0.23284226656,,
2017-08-03 00:24:00,0.24855290124,0.257856369019,,
2017-08-03 00:26:00,0.248925270253,0.249066710472,,
2017-08-03 00:28:00,0.255170071906,0.244796574116,,
2017-08-03 00:30:00,0.240232223514,0.2489336133,,
2017-08-03 00:32:00,0.239847537331,0.247565567493,,
2017-08-03 00:34:00,0.26396542178,0.236570358276,,
2017-08-03 00:36:00,,0.238923251629,,
2017-08-03 00:38:00,0.242822398516,0.248200297356,,
2017-08-03 00:40:00,0.267921029702,,,
2017-08-03 00:42:00,0.293600199123,0.233238756657,,
2017-08-03 00:44:00,0.281101958503,0.264531135559,,
2017-08-03 00:46:00,0.277760218867,0.274208128452,,
2017-08-03 00:48:00,0.288719558572,0.280519425869,,
2017-08-03 00:50:00,0.287898707331,0.293888747692,,
2017-08-03 00:52:00,0.312548240233,0.295838356018,,
2017-08-03 00:54:00,0.313837498037,0.293306589127,,
2017-08-03 00:56:00,0.33751943645,0.317763209343,,
2017-08-03 00:58:00,0.337219506867,0.320689082146,,
2017-08-03 01:00:00,0.360619347055,0.352871596813,,
2017-08-03 01:02:00,0.377099397524,0.34972435236,,
2017-08-03 01:04:00,0.355433031562,0.363896489143,,
2017-08-03 01:06:00,0.384057963357,0.368852734566,,
2017-08-03 01:08:00,0.457713800319,0.35604852438,,
2017-08-03 01:10:00,0.388892250171,0.392099320889,,
2017-08-03 01:12:00,0.412331305249,0.430882751942,,
2017-08-03 01:14:00,0.401916762923,0.366257607937,,
2017-08-03 01:16:00,0.415778366862,0.427603363991,,
2017-08-03 01:18:00,0.41160527288,0.423779606819,,
2017-08-03 01:20:00,0.431749154551,0.417072594166,,
2017-08-03 01:22:00,0.436816387049,0.416230261326,,
2017-08-03 01:24:00,0.448386007791,0.429704070091,,
2017-08-03 01:26:00,0.459238833231,0.431048989296,,
2017-08-03 01:28:00,0.465415768988,0.440194606781,,
2017-08-03 01:30:00,0.452374731288,0.451937317848,,
2017-08-03 01:32:00,0.469954307757,0.457254171371,,
2017-08-03 01:34:00,0.488324774337,0.453909575939,,
2017-08-03 01:36:00,0.480615599912,0.473824322224,,
2017-08-03 01:38:00,0.469027728287,0.464547604322,,
2017-08-03 01:40:00,0.488435300147,0.485439836979,,
2017-08-03 01:42:00,0.491301747122,0.492814600468,,
2017-08-03 01:44:00,0.497707815084,0.481081992388,,
2017-08-03 01:46:00,0.515276201297,0.480016589165,,
2017-08-03 01:48:00,0.528379008288,0.498037844896,,
2017-08-03 01:50:00,0.512737219307,0.499485820532,,
2017-08-03 01:52:00,0.532762057165,0.509926974773,,
2017-08-03 01:54:00,0.529515374062,0.525017619133,,
2017-08-03 01:56:00,0.529004590719,0.527831792831,,
2017-08-03 01:58:00,0.513148675336,0.519594311714,,
2017-08-03 02:00:00,0.506143128647,0.536562740803,,
2017-08-03 02:02:00,0.515221434279,0.529232382774,,
2017-08-03 02:04:00,0.47994919631,0.524167776108,,
2017-08-03 02:06:00,0.516395254968,0.510738432407,,
2017-08-03 02:08:00,0.470219990802,0.509259521961,,
2017-08-03 02:10:00,0.498725204361,0.50863468647,,
2017-08-03 02:12:00,0.490855328041,0.489016115665,,
2017-08-03 02:14:00,0.497182832358,0.510478973389,,
2017-08-03 02:16:00,0.478197403939,0.477240651846,,
2017-08-03 02:18:00,0.474218386147,0.505359828472,,
2017-08-03 02:20:00,0.455964143943,0.494874179363,,
2017-08-03 02:22:00,0.453609213978,0.495029449463,,
2017-08-03 02:24:00,0.455708828899,0.477295994759,,
2017-08-03 02:26:00,0.443486416867,0.472160071135,,
2017-08-03 02:28:00,0.460847235694,0.458623021841,,
2017-08-03 02:30:00,0.412115146282,0.460274338722,,
2017-08-03 02:32:00,0.442692857566,0.459534019232,,
2017-08-03 02:34:00,0.440553185171,0.452494591475,,
2017-08-03 02:36:00,0.437791554907,0.454581201077,,
2017-08-03 02:38:00,0.413445812146,0.424035578966,,
2017-08-03 02:40:00,0.424228662971,0.455436974764,,
2017-08-03 02:42:00,0.444668748799,0.445737600327,,
2017-08-03 02:44:00,0.416814844684,0.437186777592,,
2017-08-03 02:46:00,0.387194476317,0.423968702555,,
2017-08-03 02:48:00,0.37969494234,0.441386938095,,
2017-08-03 02:50:00,0.382400491389,0.444345057011,,
2017-08-03 02:52:00,0.3900714241,0.409981429577,,
2017-08-03 02:54:00,0.358510678277,0.390917897224,,
2017-08-03 02:56:00,0.39070567867,0.392219781876,,
2017-08-03 02:58:00,0.388103915283,0.396212697029,,
2017-08-03 03:00:00,0.401743258181,0.393579781055,,
2017-08-03 03:02:00,0.387470301263,0.378232002258,,
2017-08-03 03:04:00,0.423908701953,0.408383309841,,
2017-08-03 03:06:00,0.406783049563,0.403675734997,,
2017-08-03 03:08:00,0.399007022818,0.412112653255,,
2017-08-03 03:10:00,0.405971837455,0.409059047699,,
2017-08-03 03:12:00,0.415426981536,0.433371633291,,
2017-08-03 03:14:00,0.425147805302,0.411586344242,,
2017-08-03 03:16:00,0.410938956616,0.411717385054,,
2017-08-03 03:18:00,0.424738983951,0.421905785799,,
2017-08-03 03:20:00,0.436105966994,0.429844409227,,
2017-08-03 03:22:00,0.431562674571,0.431749135256,,
2017-08-03 03:24:00,0.419894746888,0.424158781767,,
2017-08-03 03:26:00,0.425056560942,0.440461367369,,
2017-08-03 03:28:00,0.423217507781,0.444276541471,,
2017-08-03 03:30:00,0.421074063336,0.435401082039,,
2017-08-03 03:32:00,0.44087469131,0.429002463818,,
2017-08-03 03:34:00,0.409188199174,0.434405595064,,
2017-08-03 03:36:00,0.431299563242,0.432531088591,,
2017-08-03 03:38:00,0.417001337105,0.435544461012,,
2017-08-03 03:40:00,0.433141136249,0.442308753729,,
2017-08-03 03:42:00,0.44403753027,0.420763164759,,
2017-08-03 03:44:00,0.462310417402,0.439911097288,,
2017-08-03 03:46:00,0.432390514197,0.430586874485,,
2017-08-03 03:48:00,0.438529781099,0.449841231108,,
2017-08-03 03:50:00,0.446578488504,0.45883873105,,
2017-08-03 03:52:00,0.423816375638,0.461589246988,,
2017-08-03 03:54:00,0.371739439978,0.438028305769,,
2017-08-03 03:56:00,0.364320257512,0.44949772954,,
2017-08-03 03:58:00,0.388815247354,0.444314628839,,
2017-08-03 04:00:00,0.377363280999,0.409205973148,,
2017-08-03 04:02:00,0.347518020005,0.373619675636,,
2017-08-03 04:04:00,0.37766140259,0.384876191616,,
2017-08-03 04:06:00,0.369147929744,0.39939391613,,
2017-08-03 04:08:00,0.382366174207,0.378675818443,,
2017-08-03 04:10:00,0.38602377832,0.367283046246,,
2017-08-03 04:12:00,0.39031424034,0.393719792366,,
2017-08-03 04:14:00,0.408351517507,0.385880887508,,
2017-08-03 04:16:00,0.413532022991,0.398795187473,,
2017-08-03 04:18:00,0.411360229357,0.40139067173,,
2017-08-03 04:20:00,0.449435104168,0.409779042006,,
2017-08-03 04:22:00,0.46527611742,0.423961818218,,
2017-08-03 04:24:00,0.472931260381,0.42595025897,,
2017-08-03 04:26:00,0.487652279171,0.436004787683,,
2017-08-03 04:28:00,0.504340338598,0.470308512449,,
2017-08-03 04:30:00,0.501922616134,0.478149473667,,
2017-08-03 04:32:00,0.526639457893,0.486383765936,,
2017-08-03 04:34:00,0.519990801444,0.500975310802,,
2017-08-03 04:36:00,0.547102520665,0.511374950409,,
2017-08-03 04:38:00,0.578304120851,0.513622641563,,
2017-08-03 04:40:00,0.582040896554,0.532143890858,0.569337897618,
2017-08-03 04:42:00,0.569337897618,0.532625555992,,
2017-08-03 04:44:00,0.579642178397,0.56407314539,,
2017-08-03 04:46:00,0.4710775376,0.582722187042,,
2017-08-03 04:48:00,0.489501633581,0.576255440712,,
2017-08-03 04:50:00,0.463264557915,0.562890529633,,
2017-08-03 04:52:00,0.49130468135,0.540604948997,,
2017-08-03 04:54:00,0.479143205335,0.461379289627,,
2017-08-03 04:56:00,0.47384053162,0.489422082901,,
2017-08-03 04:58:00,0.496682587908,0.47417986393,,
2017-08-03 05:00:00,0.482345328395,0.496149867773,,
2017-08-03 05:02:00,0.482384036056,0.481374144554,,
2017-08-03 05:04:00,0.495183968543,0.485931873322,,
2017-08-03 05:06:00,0.469040419164,0.499651670456,,
2017-08-03 05:08:00,0.45877484548,0.485300302505,,
2017-08-03 05:10:00,0.489329188877,0.490494042635,,
2017-08-03 05:12:00,0.497755379231,0.491421967745,,
2017-08-03 05:14:00,0.483646210048,0.467980861664,,
2017-08-03 05:16:00,0.463766046143,0.47518402338,,
2017-08-03 05:18:00,0.482092395087,0.501837611198,,
2017-08-03 05:20:00,0.477390931031,0.496824234724,,
2017-08-03 05:22:00,0.471068895156,0.479565173388,,
2017-08-03 05:24:00,0.469806922363,0.472727268934,,
2017-08-03 05:26:00,0.473470750033,0.488443076611,,
2017-08-03 05:28:00,0.449975682499,0.479399561882,,
2017-08-03 05:30:00,0.446117963042,0.475377440453,,
2017-08-03 05:32:00,0.432241795728,0.475402057171,,
2017-08-03 05:34:00,0.438404861809,0.470915406942,,
2017-08-03 05:36:00,0.418354177298,0.450599253178,,
2017-08-03 05:38:00,0.416821715958,0.448259741068,,
2017-08-03 05:40:00,0.410063741293,0.439325422049,,
2017-08-03 05:42:00,0.427631044076,0.440315663815,,
2017-08-03 05:44:00,0.413022846649,0.42323744297,,
2017-08-03 05:46:00,0.384530484588,0.424844443798,,
2017-08-03 05:48:00,0.377285103693,0.424641370773,,
2017-08-03 05:50:00,0.390822903126,0.432941734791,,
2017-08-03 05:52:00,0.351150221344,0.40942299366,,
2017-08-03 05:54:00,0.364095584266,0.389388203621,,
2017-08-03 05:56:00,0.339001039603,0.391258835793,,
2017-08-03 05:58:00,0.343918204444,0.391301393509,,
2017-08-03 06:00:00,0.341317524717,0.361504018307,,
2017-08-03 06:02:00,0.312988456858,0.371315956116,,
2017-08-03 06:04:00,0.323733549705,0.35139387846,,
2017-08-03 06:06:00,0.30268710653,0.357417166233,,
2017-08-03 06:08:00,0.31040253817,0.346410572529,,
2017-08-03 06:10:00,0.306195919332,0.327753067017,,
2017-08-03 06:12:00,0.270498973099,0.335164546967,,
2017-08-03 06:14:00,0.280172077128,0.319468379021,,
2017-08-03 06:16:00,0.289148636548,0.325895011425,,
2017-08-03 06:18:00,0.257190796285,0.31081444025,,
2017-08-03 06:20:00,0.275179923754,0.28835016489,,
2017-08-03 06:22:00,0.239239849664,0.303323328495,,
2017-08-03 06:24:00,0.246546653505,0.299393951893,,
2017-08-03 06:26:00,0.246359197608,0.277179002762,,
2017-08-03 06:28:00,0.244984285628,0.286094725132,,
2017-08-03 06:30:00,0.229037010729,0.257954895496,,
2017-08-03 06:32:00,0.243507713961,0.27014786005,,
2017-08-03 06:34:00,0.235777951014,0.267263948917,,
2017-08-03 06:36:00,0.243496053723,0.262187302113,,
2017-08-03 06:38:00,0.234438242528,0.254505872726,,
2017-08-03 06:40:00,0.226833917006,0.266461372375,,
2017-08-03 06:42:00,0.219806619543,0.259761631489,,
2017-08-03 06:44:00,0.230092853083,0.263786554337,,
2017-08-03 06:46:00,0.221523523542,0.25276696682,,
2017-08-03 06:48:00,0.215539476411,0.247218847275,,
2017-08-03 06:50:00,0.225438214463,0.246074676514,,
2017-08-03 06:52:00,0.212265567143,0.252136647701,,
2017-08-03 06:54:00,0.210217831693,0.242477118969,,0.269767898037
2017-08-03 06:56:00,0.269767898037,0.241912305355,,
2017-08-03 06:58:00,0.253643126915,0.246292710304,,
2017-08-03 07:00:00,0.241039771346,0.237353146076,,
2017-08-03 07:02:00,0.249205888382,0.255770027637,,
2017-08-03 07:04:00,0.266112320633,0.295114576817,,
2017-08-03 07:06:00,0.266122346538,0.268254816532,,
2017-08-03 07:08:00,0.269006565325,0.265377938747,,
2017-08-03 07:10:00,0.258107815663,0.27912312746,,
2017-08-03 07:12:00,0.253250784331,0.290416955948,,
2017-08-03 07:14:00,0.264940694883,0.287459135056,,
2017-08-03 07:16:00,0.246466499063,0.285974740982,,
2017-08-03 07:18:00,0.269518531365,0.276430904865,,
2017-08-03 07:20:00,0.247647521103,0.277400255203,,
2017-08-03 07:22:00,0.238768196305,0.282730877399,,
2017-08-03 07:24:00,0.243482051991,0.272491037846,,
2017-08-03 07:26:00,0.274012519458,0.286036014557,,
2017-08-03 07:28:00,0.230738120249,0.262772142887,,
2017-08-03 07:30:00,0.269928379399,0.263509452343,,
2017-08-03 07:32:00,0.250924821199,0.275646269321,,
2017-08-03 07:34:00,0.256814290357,0.286566436291,,
2017-08-03 07:36:00,0.236210832055,0.259282290936,,
2017-08-03 07:38:00,0.248596849608,0.291400909424,,
2017-08-03 07:40:00,0.22324806432,0.270299077034,,
2017-08-03 07:42:00,0.229878570792,0.272699177265,,
2017-08-03 07:44:00,0.232832730684,0.258474230766,,
2017-08-03 07:46:00,0.242851087463,0.264252901077,,
2017-08-03 07:48:00,0.233193376124,0.245098292828,,
2017-08-03 07:50:00,0.245008580023,0.256396532059,,
2017-08-03 07:52:00,0.236299197125,0.259879171848,,
2017-08-03 07:54:00,0.240336711616,0.264535546303,,
2017-08-03 07:56:00,0.249173835781,0.258523285389,,
2017-08-03 07:58:00,0.234076134171,0.266772150993,,
2017-08-03 08:00:00,0.243615017787,0.259747326374,,
2017-08-03 08:02:00,0.23493612408,0.266286015511,,
2017-08-03 08:04:00,0.251207744103,0.268038809299,,
2017-08-03 08:06:00,0.242809706628,0.257470965385,,
2017-08-03 08:08:00,0.259739484886,0.265769422054,,
2017-08-03 08:10:00,0.258863264226,0.261976003647,,
2017-08-03 08:12:00,0.250783385031,0.274225473404,,
2017-08-03 08:14:00,0.251980999233,0.269999444485,,
2017-08-03 08:16:00,0.257051554677,0.283557832241,,
2017-08-03 08:18:00,0.25113224274,0.277249634266,,
2017-08-03 08:20:00,0.272952677047,0.272020876408,,
2017-08-03 08:22:00,0.270188191409,0.275680303574,,
2017-08-03 08:24:00,0.234100592364,0.27869540453,,
2017-08-03 08:26:00,0.250727653432,0.279863119125,,
2017-08-03 08:28:00,0.257132975741,0.29440766573,,
2017-08-03 08:30:00,0.267746150274,0.278003394604,,
2017-08-03 08:32:00,0.27417219391,0.256968021393,,
2017-08-03 08:34:00,0.27468017028,0.278910219669,,
2017-08-03 08:36:00,0.270575862598,0.284193575382,,
2017-08-03 08:38:00,0.272759227447,0.292945325375,,
2017-08-03 08:40:00,0.283948449068,0.295660257339,,
2017-08-03 08:42:00,0.286770194711,0.293676555157,,
2017-08-03 08:44:00,0.299173114927,0.291825175285,,
2017-08-03 08:46:00,0.295886818924,0.297862172127,,
2017-08-03 08:48:00,0.317330132045,0.307429134846,,
2017-08-03 08:50:00,0.331914286276,0.311049640179,,
2017-08-03 08:52:00,0.341777428253,0.320045232773,,
2017-08-03 08:54:00,0.34178474589,0.322681248188,,
2017-08-03 08:56:00,0.356257975167,0.34446400404,,
2017-08-03 08:58:00,0.360985817101,0.354359269142,,
2017-08-03 09:00:00,0.314725611429,0.359819591045,,
2017-08-03 09:02:00,0.32007057166,0.36268645525,,
2017-08-03 09:04:00,0.329679034895,0.372312366962,,
2017-08-03 09:06:00,0.340132154113,0.359133005142,,
2017-08-03 09:08:00,0.339144832798,0.325744271278,,
2017-08-03 09:10:00,0.386933912586,0.342143118382,,
2017-08-03 09:12:00,0.37143293327,0.351499378681,,
2017-08-03 09:14:00,0.384236244845,0.359978735447,,
2017-08-03 09:16:00,0.387139540578,0.371094048023,,
2017-08-03 09:18:00,0.400909891691,0.403083920479,,
2017-08-03 09:20:00,0.412699873407,0.386469125748,,
2017-08-03 09:22:00,0.423743053938,0.400722026825,,
2017-08-03 09:24:00,0.444463658055,0.405393540859,,
2017-08-03 09:26:00,0.419574464768,0.41944822669,,
2017-08-03 09:28:00,0.442142844244,0.430277436972,,
2017-08-03 09:30:00,0.454118974785,0.441261798143,,
2017-08-03 09:32:00,0.461801273998,0.448326975107,,
2017-08-03 09:34:00,0.493033925896,0.433371007442,,
2017-08-03 09:36:00,0.489929221065,0.459183841944,,
2017-08-03 09:38:00,0.476591373486,0.468049108982,,
2017-08-03 09:40:00,0.515465381857,0.480986684561,,
2017-08-03 09:42:00,0.499448571866,0.482211321592,,
2017-08-03 09:44:00,0.501489401588,0.45637512207,,
2017-08-03 09:46:00,0.520380629434,0.507224678993,,
2017-08-03 09:48:00,0.506536917406,0.489703595638,,
2017-08-03 09:50:00,0.523910155582,0.479597002268,,
2017-08-03 09:52:00,0.517992954047,0.509011268616,,
2017-08-03 09:54:00,0.540000033353,0.490811526775,,
2017-08-03 09:56:00,0.519103990848,0.506036937237,,
2017-08-03 09:58:00,0.546513901573,0.504965782166,,
2017-08-03 10:00:00,0.522002581045,0.524905562401,,
2017-08-03 10:02:00,0.519534742342,0.501515448093,,
2017-08-03 10:04:00,0.540183577087,0.527142226696,,
2017-08-03 10:06:00,0.536534416771,0.501873493195,,
2017-08-03 10:08:00,0.523463026625,0.491161435843,,
2017-08-03 10:10:00,0.489128443123,0.527474045753,,
2017-08-03 10:12:00,0.507551198369,0.521271765232,,
2017-08-03 10:14:00,0.497593735567,0.493053257465,,
2017-08-03 10:16:00,0.509299160024,0.45255574584,,
2017-08-03 10:18:00,0.492876811762,0.482696503401,,
2017-08-03 10:20:00,0.466159520131,0.483513921499,,
2017-08-03 10:22:00,0.471162488577,0.490354955196,,
2017-08-03 10:24:00,0.482333313933,0.469816356897,,
2017-08-03 10:26:00,0.494927311883,0.431984812021,,
2017-08-03 10:28:00,0.46214033946,0.447643995285,,
2017-08-03 10:30:00,0.447435796043,0.473667472601,,
2017-08-03 10:32:00,0.558953550638,0.484206318855,,
2017-08-03 10:34:00,0.466083714481,0.435142993927,,
2017-08-03 10:36:00,0.440525915101,0.421468943357,,
2017-08-03 10:38:00,0.439137552299,0.559935092926,,
2017-08-03 10:40:00,0.4243037853,0.449738383293,,
2017-08-03 10:42:00,0.407866016959,0.375419735909,,
2017-08-03 10:44:00,0.430753261598,0.412812769413,,
2017-08-03 10:46:00,0.42162584163,0.402297735214,,
2017-08-03 10:48:00,0.413784109905,0.384610801935,,
2017-08-03 10:50:00,0.402126630574,0.420264929533,,
2017-08-03 10:52:00,0.426969516901,0.412900418043,,
2017-08-03 10:54:00,0.428676333873,0.392963111401,,
2017-08-03 10:56:00,0.425296698923,0.384412318468,,
2017-08-03 10:58:00,0.41337924587,0.420564830303,,
2017-08-03 11:00:00,0.435667125932,0.425639897585,,
2017-08-03 11:02:00,0.433238084695,0.410126000643,,
2017-08-03 11:04:00,0.447576271758,0.396331429482,,
2017-08-03 11:06:00,0.429015311921,0.427017390728,,
2017-08-03 11:08:00,0.444717394918,0.428677350283,,
2017-08-03 11:10:00,0.46676819682,0.436742126942,,
2017-08-03 11:12:00,0.455248633393,0.414321303368,,
2017-08-03 11:14:00,0.466815768938,0.432139128447,,
2017-08-03 11:16:00,0.46459596977,0.466079086065,,
2017-08-03 11:18:00,0.477370639555,0.444706976414,,
2017-08-03 11:20:00,0.432866260975,0.451368302107,,
2017-08-03 11:22:00,0.470504380595,0.453621417284,,
2017-08-03 11:24:00,0.482374985586,0.461448639631,,
2017-08-03 11:26:00,0.473219570457,0.407521009445,,
2017-08-03 11:28:00,0.483987827023,0.454930305481,,
2017-08-03 11:30:00,0.497077306363,0.484958767891,,
2017-08-03 11:32:00,0.486509220898,0.458429425955,,
2017-08-03 11:34:00,0.510884154894,0.469432681799,,
2017-08-03 11:36:00,0.501255635859,0.488396853209,,
2017-08-03 11:38:00,0.490795989312,0.471970498562,,
2017-08-03 11:40:00,0.498891899419,0.498031526804,,
2017-08-03 11:42:00,0.514329574197,0.48734202981,,
2017-08-03 11:44:00,0.528939335681,0.465416669846,,
2017-08-03 11:46:00,0.497139482679,0.481826454401,,
2017-08-03 11:48:00,0.486036119104,0.503813683987,,
2017-08-03 11:50:00,0.462216819639,0.518669605255,,
2017-08-03 11:52:00,0.431374947812,0.469409495592,,
2017-08-03 11:54:00,0.420416641271,0.448802351952,,
2017-08-03 11:56:00,0.421866586373,0.428333312273,,
2017-08-03 11:58:00,0.399455002527,0.392674386501,,
2017-08-03 12:00:00,0.383109065026,0.390408873558,,
2017-08-03 12:02:00,0.368455323737,0.402808785439,,
2017-08-03 12:04:00,0.367682968949,0.37588134408,,
2017-08-03 12:06:00,0.372261705895,0.352721631527,,
2017-08-03 12:08:00,0.38476657215,0.344123661518,,
2017-08-03 12:10:00,0.37724657564,0.351650774479,,
2017-08-03 12:12:00,0.40040559095,0.365601122379,,
2017-08-03 12:14:00,0.419096163772,0.381121397018,,
2017-08-03 12:16:00,0.426647840596,0.371028453112,,
2017-08-03 12:18:00,0.436417334062,0.398267239332,,
2017-08-03 12:20:00,0.459500418945,0.424834340811,,
2017-08-03 12:22:00,0.450226248663,0.425220578909,,
2017-08-03 12:24:00,0.472035278979,0.432183533907,,
2017-08-03 12:26:00,0.479419339979,0.457617163658,,
2017-08-03 12:28:00,0.495713292901,0.442433178425,,
2017-08-03 12:30:00,0.491630941899,0.462733268738,,
2017-08-03 12:32:00,0.508488230128,0.476266026497,,
2017-08-03 12:34:00,0.504096545519,0.487858384848,,
2017-08-03 12:36:00,0.521424727198,0.480277329683,,
2017-08-03 12:38:00,0.538886371532,0.495441347361,,
2017-08-03 12:40:00,0.539994636902,0.49204069376,,
2017-08-03 12:42:00,0.510005068488,0.507490873337,,
2017-08-03 12:44:00,0.534708797835,0.527675032616,,
2017-08-03 12:46:00,0.560744918277,0.523794412613,,
2017-08-03 12:48:00,0.543871375101,0.480278164148,,
2017-08-03 12:50:00,0.541505304317,0.512673616409,,
2017-08-03 12:52:00,0.543130171602,0.549922704697,,
2017-08-03 12:54:00,0.556243521122,0.525240540504,,
2017-08-03 12:56:00,0.540476090636,0.512946248055,,
2017-08-03 12:58:00,0.54486783246,0.523163795471,,
2017-08-03 13:00:00,0.554351603659,0.539495050907,,
2017-08-03 13:02:00,0.548923932328,0.518071532249,,
2017-08-03 13:04:00,0.555110985179,0.520364522934,,
2017-08-03 13:06:00,0.543122940354,0.538157641888,,
2017-08-03 13:08:00,0.561896610676,0.529409170151,,
2017-08-03 13:10:00,0.543859053345,0.532820820808,,
2017-08-03 13:12:00,0.542542532775,0.520880579948,,
2017-08-03 13:14:00,0.561839109466,0.541718840599,,
2017-08-03 13:16:00,0.559207642349,0.521902799606,,
2017-08-03 13:18:00,0.55535645702,0.515614509583,,
2017-08-03 13:20:00,0.549718886016,0.545590639114,,
2017-08-03 13:22:00,0.557342068939,0.543240487576,,
2017-08-03 13:24:00,0.532287240961,0.530179381371,,
2017-08-03 13:26:00,0.524763952325,0.52487796545,,
2017-08-03 13:28:00,0.507072964377,0.534230768681,,
2017-08-03 13:30:00,0.496499106632,0.502857923508,,
2017-08-03 13:32:00,0.489864418737,0.489860355854,,
2017-08-03 13:34:00,0.504667808272,0.476363152266,,
2017-08-03 13:36:00,0.493745813459,0.466071009636,,
2017-08-03 13:38:00,0.500159748099,0.466558665037,,
2017-08-03 13:40:00,0.480726125939,0.489296734333,,
2017-08-03 13:42:00,0.468530040102,0.477534621954,,
2017-08-03 13:44:00,0.469031967701,0.478733181953,,
2017-08-03 13:46:00,0.461658779183,0.456373184919,,
2017-08-03 13:48:00,0.445805190637,0.439208447933,,
2017-08-03 13:50:00,0.435853268153,0.447616487741,,
2017-08-03 13:52:00,0.444442257713,0.441385626793,,
2017-08-03 13:54:00,0.413693168332,0.42013412714,,
2017-08-03 13:56:00,0.434810435914,0.411930888891,,
2017-08-03 13:58:00,0.404922354027,0.427028566599,,
2017-08-03 14:00:00,0.397741507222,0.392671704292,,
2017-08-03 14:02:00,0.388395939893,0.415045708418,,
2017-08-03 14:04:00,0.379810484109,0.387174069881,,
2017-08-03 14:06:00,0.379350518302,0.368947684765,,
2017-08-03 14:08:00,0.368254732968,0.368866562843,,
2017-08-03 14:10:00,0.343275218063,0.361213743687,,
2017-08-03 14:12:00,0.362898568243,0.363336086273,,
2017-08-03 14:14:00,0.336394443438,0.348771929741,,
2017-08-03 14:16:00,0.338763881633,0.320159137249,,
2017-08-03 14:18:00,0.334668594256,0.347398102283,,
2017-08-03 14:20:00,0.313478060312,0.323446035385,,
2017-08-03 14:22:00,0.306081045981,0.318463742733,,
2017-08-03 14:24:00,0.300017919562,0.321297049522,,
2017-08-03 14:26:00,0.28765313683,0.291781246662,,
2017-08-03 14:28:00,0.293030454701,0.283961594105,,
2017-08-03 14:30:00,0.303487456868,0.28374516964,,
2017-08-03 14:32:00,0.317373533263,0.272059679031,,
2017-08-03 14:34:00,0.309832270016,0.283891797066,,
2017-08-03 14:36:00,0.286730680671,0.304824411869,,
2017-08-03 14:38:00,0.290537726797,0.318830192089,,
2017-08-03 14:40:00,0.294318421345,0.300202608109,,
2017-08-03 14:42:00,0.316460691893,0.265090405941,,
2017-08-03 14:44:00,0.308671854643,0.274955034256,,
2017-08-03 14:46:00,0.27575006748,0.293299257755,,
2017-08-03 14:48:00,0.301320662783,0.318961501122,,
2017-08-03 14:50:00,0.296931051089,0.301015734673,,
2017-08-03 14:52:00,0.294224212317,0.252999007702,,
2017-08-03 14:54:00,0.284933107647,0.290353536606,,
2017-08-03 14:56:00,0.277257851972,0.297501921654,,
2017-08-03 14:58:00,0.294460372583,0.281526446342,,
2017-08-03 15:00:00,0.27606770878,0.270301401615,,
2017-08-03 15:02:00,0.285780085921,0.264659166336,,
2017-08-03 15:04:00,0.264626882307,0.288479447365,,
2017-08-03 15:06:00,0.261031285498,0.268745303154,,
2017-08-03 15:08:00,0.258007289317,0.271293580532,,
2017-08-03 15:10:00,0.247967843751,0.25089943409,,
2017-08-03 15:12:00,0.257394445622,0.242446899414,,
2017-08-03 15:14:00,0.267357954379,0.246355414391,,
2017-08-03 15:16:00,0.243811873547,0.236527621746,,
2017-08-03 15:18:00,0.267586851063,0.252101719379,,
2017-08-03 15:20:00,0.251157639462,0.265282928944,,
2017-08-03 15:22:00,0.264174910805,0.233921825886,,
2017-08-03 15:24:00,0.255593667037,0.258858323097,,
2017-08-03 15:26:00,0.252970016718,0.248847365379,,
2017-08-03 15:28:00,0.266891871823,0.254705607891,,
2017-08-03 15:30:00,0.265247489268,0.249769449234,,
2017-08-03 15:32:00,0.256222598563,0.243249297142,,
2017-08-03 15:34:00,0.240100267008,0.264923989773,,
2017-08-03 15:36:00,0.22829528134,0.261893868446,,
2017-08-03 15:38:00,0.235335570187,0.241618156433,,
2017-08-03 15:40:00,0.231841709637,0.219957530499,,
2017-08-03 15:42:00,0.237476116512,0.210421025753,,
2017-08-03 15:44:00,0.246217085058,0.226583957672,,
2017-08-03 15:46:00,0.23656070297,0.227794647217,,
2017-08-03 15:48:00,0.236765611338,0.233559787273,,
2017-08-03 15:50:00,0.225959615555,0.244653105736,,
2017-08-03 15:52:00,0.230036727453,0.229302763939,,
2017-08-03 15:54:00,0.244265062802,0.224465429783,,
2017-08-03 15:56:00,0.227561539858,0.215307056904,,
2017-08-03 15:58:00,0.233642283217,0.223235368729,,
2017-08-03 16:00:00,0.236810618967,0.243604123592,,
2017-08-03 16:02:00,0.243956934571,0.220476508141,,
2017-08-03 16:04:00,0.239791309834,0.223381996155,,
2017-08-03 16:06:00,0.261336558163,0.235661447048,,
2017-08-03 16:08:00,0.233190381903,0.241472661495,,
2017-08-03 16:10:00,0.254018681957,0.237767577171,,
2017-08-03 16:12:00,0.237150299012,0.258331239223,,
2017-08-03 16:14:00,0.245546194305,0.225970089436,,
2017-08-03 16:16:00,0.234773421548,0.242150068283,,
2017-08-03 16:18:00,0.228785696398,0.232983469963,,
2017-08-03 16:20:00,0.244960912207,0.233808994293,,
2017-08-03 16:22:00,0.263944533438,0.225895702839,,
2017-08-03 16:24:00,0.240413845321,0.217487454414,,
2017-08-03 16:26:00,0.259265140904,0.246453046799,,
2017-08-03 16:28:00,0.232659488143,0.269265651703,,
2017-08-03 16:30:00,0.235281493985,0.233792066574,,
2017-08-03 16:32:00,0.257707046082,0.246784567833,,
2017-08-03 16:34:00,0.250830343599,0.222140848637,,
2017-08-03 16:36:00,0.235372418079,0.222018539906,,
2017-08-03 16:38:00,0.256602115216,0.261554181576,,
2017-08-03 16:40:00,0.282589432144,0.248045384884,,
2017-08-03 16:42:00,0.285057016676,0.221835494041,,
2017-08-03 16:44:00,0.278327763406,0.257181406021,,
2017-08-03 16:46:00,0.314985042792,0.297107517719,,
2017-08-03 16:48:00,,0.288798809052,,
2017-08-03 16:50:00,0.295421322483,0.274376273155,,
2017-08-03 16:54:00,0.325506095991,0.310343205929,,
2017-08-03 16:56:00,0.336523833158,,,
2017-08-03 16:58:00,0.34085988183,0.283015787601,,
2017-08-03 17:00:00,0.356317801193,0.327396214008,,
2017-08-03 17:02:00,0.346172103587,0.346551597118,,
2017-08-03 17:04:00,0.377387840917,0.340962350368,,
2017-08-03 17:06:00,0.362583374097,0.354399502277,,
2017-08-03 17:08:00,0.374754597244,0.342767238617,,
2017-08-03 17:10:00,0.383528735637,0.375429093838,,
2017-08-03 17:12:00,0.400696214545,0.360419929028,,
2017-08-03 17:14:00,0.390570648785,0.365370333195,,
2017-08-03 17:16:00,0.400836667595,0.383638679981,,
2017-08-03 17:18:00,0.435067087996,0.399545878172,,
2017-08-03 17:20:00,0.428227194033,0.382903128862,,
2017-08-03 17:22:00,0.449568715779,0.393217146397,,
2017-08-03 17:24:00,0.432866263641,0.440337598324,,
2017-08-03 17:26:00,0.430729384828,0.427409827709,,
2017-08-03 17:28:00,0.432998346725,0.440223485231,,
2017-08-03 17:30:00,0.444527358571,0.419856488705,,
2017-08-03 17:32:00,0.448438927112,0.409781128168,,
2017-08-03 17:34:00,0.458975096113,0.420600563288,,
2017-08-03 17:36:00,0.489215919988,0.436625689268,,
2017-08-03 17:38:00,0.497859751973,0.441115260124,,
2017-08-03 17:40:00,0.493095838161,0.452821403742,,
2017-08-03 17:42:00,0.513635040005,0.484295427799,,
2017-08-03 17:44:00,0.519008374478,0.495407670736,,
2017-08-03 17:46:00,0.509210145942,0.478635251522,,
2017-08-03 17:48:00,0.521134241124,0.501272380352,,
2017-08-03 17:50:00,0.501242188048,0.522355377674,,
2017-08-03 17:52:00,0.51986620908,0.510187387466,,
2017-08-03 17:54:00,0.51606160631,0.508139014244,,
2017-08-03 17:56:00,0.503642585178,0.50844347477,,
2017-08-03 17:58:00,0.521212783375,0.500545978546,,
2017-08-03 18:00:00,0.495635175736,0.521075606346,,
2017-08-03 18:02:00,0.480206400615,0.501272439957,,
2017-08-03 18:04:00,0.498101493304,0.505351901054,,
2017-08-03 18:06:00,0.47505281987,0.506761312485,,
2017-08-03 18:08:00,0.492681369483,0.469183862209,,
2017-08-03 18:10:00,0.488089063641,0.481562703848,,
2017-08-03 18:12:00,0.473843150192,0.48682641983,,
2017-08-03 18:14:00,0.473987039389,0.473067551851,,
2017-08-03 18:16:00,0.480258128926,0.493785768747,,
2017-08-03 18:18:00,0.468770918291,0.472376585007,,
2017-08-03 18:20:00,0.472566032965,0.464110404253,,
2017-08-03 18:22:00,0.473635667644,0.475034743547,,
2017-08-03 18:24:00,0.460274731221,0.471910774708,,
2017-08-03 18:26:00,0.45022753342,0.462969481945,,
2017-08-03 18:28:00,0.468831274721,0.471760034561,,
2017-08-03 18:30:00,0.414665805597,0.461562722921,,
2017-08-03 18:32:00,0.424302759595,0.444550156593,,
2017-08-03 18:34:00,0.425209240607,0.455203086138,,
2017-08-03 18:36:00,0.421580583447,0.437243282795,,
2017-08-03 18:38:00,0.419150413359,0.394606232643,,
2017-08-03 18:40:00,0.398722741526,0.427947461605,,
2017-08-03 18:42:00,0.409782426009,0.421575367451,,
2017-08-03 18:44:00,0.392031244518,0.416499853134,,
2017-08-03 18:46:00,0.403420813045,0.402713060379,,
2017-08-03 18:48:00,0.412977822237,0.395869910717,,
2017-08-03 18:50:00,0.401100865986,0.401899456978,,
2017-08-03 18:52:00,0.397813012076,0.391294598579,,
2017-08-03 18:54:00,0.391958363312,0.414483308792,,
2017-08-03 18:56:00,0.393638518529,0.408130168915,,
2017-08-03 18:58:00,0.404160074225,0.3924446702,,
2017-08-03 19:00:00,0.388388733595,0.391659736633,,
2017-08-03 19:02:00,0.391590833966,0.39013749361,,
2017-08-03 19:04:00,0.42278799133,0.401062369347,,
2017-08-03 19:06:00,0.39938993592,0.397469520569,,
2017-08-03 19:08:00,0.407913978435,0.383356273174,,
2017-08-03 19:10:00,0.407745689499,0.414008021355,,
2017-08-03 19:12:00,0.416660229262,0.42002081871,,
2017-08-03 19:14:00,0.403489616922,0.393608152866,,
2017-08-03 19:16:00,0.404921132986,0.411034047604,,
2017-08-03 19:18:00,0.421564033975,0.412734866142,,
2017-08-03 19:20:00,0.429774652118,0.410554468632,,
2017-08-03 19:22:00,0.406124230986,0.397730469704,,
2017-08-03 19:24:00,0.406650860479,0.416421234608,,
2017-08-03 19:26:00,0.42957135851,0.433381915092,,
2017-08-03 19:28:00,0.420834480396,0.415616214275,,
2017-08-03 19:30:00,0.402062582746,0.394786596298,,
2017-08-03 19:32:00,0.426927671518,0.421765983105,,
2017-08-03 19:34:00,0.420500415691,0.432417035103,,
2017-08-03 19:36:00,0.425124889806,0.402704179287,,
2017-08-03 19:38:00,0.433219977745,0.409597039223,,
2017-08-03 19:40:00,0.429479255582,0.432718634605,,
2017-08-03 19:42:00,0.429271202276,0.419428527355,,
2017-08-03 19:44:00,0.435978948509,0.43134790659,,
2017-08-03 19:46:00,0.41558537909,0.4326608181,,
2017-08-03 19:48:00,0.432480057229,0.42600184679,,
2017-08-03 19:50:00,0.423746416528,0.431868076324,,
2017-08-03 19:52:00,0.406498829138,0.423386633396,,
2017-08-03 19:54:00,0.392905076044,0.416336536407,,
2017-08-03 19:56:00,0.378220293613,0.432402551174,,
2017-08-03 19:58:00,0.355010905671,0.406019508839,,
2017-08-03 20:00:00,0.366503153702,0.387857377529,,
2017-08-03 20:02:00,0.355959465583,0.375580728054,,
2017-08-03 20:04:00,0.360901229526,0.355484127998,,
2017-08-03 20:06:00,0.352349699159,0.352753460407,,
2017-08-03 20:08:00,0.366528911441,0.365213096142,,
2017-08-03 20:10:00,0.367935092972,0.355147540569,,
2017-08-03 20:12:00,0.406658021613,0.3582213521,,
2017-08-03 20:14:00,0.426590831807,0.359141588211,,
2017-08-03 20:16:00,0.432685084192,0.37526601553,,
2017-08-03 20:18:00,0.436369502953,0.396152257919,,
2017-08-03 20:20:00,0.434735279247,0.437964975834,,
2017-08-03 20:22:00,0.475697819409,0.438717842102,,
2017-08-03 20:24:00,0.463011075572,0.43631875515,,
2017-08-03 20:26:00,0.498218640342,0.435668110847,,
2017-08-03 20:28:00,0.48548961973,0.46029484272,,
2017-08-03 20:30:00,0.509221029111,0.483520030975,,
2017-08-03 20:32:00,0.505658266134,0.478389173746,,
2017-08-03 20:34:00,0.526005008161,0.502351105213,,
2017-08-03 20:36:00,0.516641041418,0.492260068655,,
2017-08-03 20:38:00,0.545385736052,0.513849020004,,
2017-08-03 20:40:00,0.54123577683,0.513637900352,,
2017-08-03 20:42:00,0.560992791974,0.52008742094,,
2017-08-03 20:44:00,0.571098310801,0.52506172657,,
2017-08-03 20:46:00,0.565767924634,0.53304708004,,
2017-08-03 20:48:00,0.553299252585,0.535275936127,,
2017-08-03 20:50:00,0.584378042641,0.551903367043,,
2017-08-03 20:52:00,0.570809471809,0.555239796638,,
2017-08-03 20:54:00,0.585150336979,0.526376843452,,
2017-08-03 20:56:00,0.580079184092,0.552040934563,,
2017-08-03 20:58:00,0.588525103976,0.546442329884,,
2017-08-03 21:00:00,0.597164798576,0.550046205521,,
2017-08-03 21:02:00,0.557820709612,0.548469007015,,
2017-08-03 21:04:00,0.562167238109,0.545700252056,,
2017-08-03 21:06:00,0.566633262174,0.576696693897,,
2017-08-03 21:08:00,0.576073274714,0.547384023666,,
2017-08-03 21:10:00,0.574213190765,0.534342944622,,
2017-08-03 21:12:00,0.56784629372,0.54098880291,,
2017-08-03 21:14:00,0.570056740268,0.549187839031,,
2017-08-03 21:16:00,0.588689507855,0.553675413132,,
2017-08-03 21:18:00,0.586638337988,0.546076238155,,
2017-08-03 21:20:00,0.564715015456,0.535623192787,,
2017-08-03 21:22:00,0.567650836428,0.551155984402,,
2017-08-03 21:24:00,0.547944851534,0.56729221344,,
2017-08-03 21:26:00,0.554239118201,0.547187805176,,
2017-08-03 21:28:00,0.541841577046,0.548960030079,,
2017-08-03 21:30:00,0.542593071313,0.540373563766,,
2017-08-03 21:32:00,0.526349634012,0.536478281021,,
2017-08-03 21:34:00,0.481164848132,0.540842533112,,
2017-08-03 21:36:00,0.493377674461,0.530735373497,,
2017-08-03 21:38:00,0.503772232714,0.525492191315,,
2017-08-03 21:40:00,0.501562607225,0.482568621635,,
2017-08-03 21:42:00,0.472708372485,0.464976191521,,
2017-08-03 21:44:00,0.480010511428,0.502447426319,,
2017-08-03 21:46:00,0.468982291863,0.502515792847,,
2017-08-03 21:48:00,0.457417325991,0.476501345634,,
2017-08-03 21:50:00,0.447095435892,0.460819393396,,
2017-08-03 21:52:00,0.426274457661,0.472255587578,,
2017-08-03 21:54:00,0.402460381652,0.452593058348,,
2017-08-03 21:56:00,0.412420675932,0.441882610321,,
2017-08-03 21:58:00,0.40497819231,0.425192475319,,
2017-08-03 22:00:00,0.403485995527,0.398542165756,,
2017-08-03 22:02:00,0.39404706692,0.397265970707,,
2017-08-03 22:04:00,0.381852983574,0.41087859869,,
2017-08-03 22:06:00,0.379768774762,0.399475157261,,
2017-08-03 22:08:00,0.376640632463,0.395304739475,,
2017-08-03 22:10:00,0.372612388696,0.380674481392,,
2017-08-03 22:12:00,0.348656117004,0.374582886696,,
2017-08-03 22:14:00,0.347165386706,0.376611471176,,
2017-08-03 22:16:00,0.332399159585,0.372188329697,,
2017-08-03 22:18:00,0.317632564705,0.354400932789,,
2017-08-03 22:20:00,0.319230678096,0.337216198444,,
2017-08-03 22:22:00,0.305867962629,0.337201058865,,
2017-08-03 22:24:00,0.288790543781,0.316906392574,,
2017-08-03 22:26:00,0.297317861807,0.313762485981,,
2017-08-03 22:28:00,0.264771324902,0.312627017498,,
2017-08-03 22:30:00,0.254525195775,0.290452718735,,
2017-08-03 22:32:00,0.270463386273,0.289343893528,,
2017-08-03 22:34:00,0.28615238992,0.281561017036,,
2017-08-03 22:36:00,0.290158919585,0.246544241905,,
2017-08-03 22:38:00,0.266047917588,0.26531124115,,
2017-08-03 22:40:00,0.274463193011,0.292731225491,,
2017-08-03 22:42:00,0.285223977086,0.299269855022,,
2017-08-03 22:44:00,0.272365395628,0.278621017933,,
2017-08-03 22:46:00,0.28675946796,0.264607012272,,
2017-08-03 22:48:00,0.275380280176,0.289384484291,,
2017-08-03 22:50:00,0.28763694738,0.284923195839,,
2017-08-03 22:52:00,0.287897379864,0.279843986034,,
2017-08-03 22:54:00,0.2673097928,0.289115905762,,
2017-08-03 22:56:00,0.265040836976,0.282141625881,,
2017-08-03 22:58:00,0.269354880354,0.296538829803,,
2017-08-03 23:00:00,0.264508815812,0.276952981949,,
2017-08-03 23:02:00,0.263810122399,0.260000944138,,
2017-08-03 23:04:00,0.254466885173,0.270891010761,,
2017-08-03 23:06:00,0.255338918348,0.271884977818,,
2017-08-03 23:08:00,0.274255610332,0.265624761581,,
2017-08-03 23:10:00,0.249000226472,0.261072158813,,
2017-08-03 23:12:00,0.25063572552,0.255297958851,,
2017-08-03 23:14:00,0.251317360272,0.272823214531,,
2017-08-03 23:16:00,0.246450778717,0.269420862198,,
2017-08-03 23:18:00,0.236077332099,0.242767751217,,
2017-08-03 23:20:00,0.238511252108,0.256312191486,,
2017-08-03 23:22:00,0.248303764001,0.252599537373,,
2017-08-03 23:24:00,0.243230675335,0.241651117802,,
2017-08-03 23:26:00,0.234392685651,0.238005518913,,
2017-08-03 23:28:00,0.23107901852,0.251287281513,,
2017-08-03 23:30:00,0.23540835538,0.253873705864,,
2017-08-03 23:32:00,0.233464320942,0.23942476511,,
2017-08-03 23:34:00,0.243766302883,0.233046889305,,
2017-08-03 23:36:00,0.215145687118,0.237658500671,,
2017-08-03 23:38:00,0.238092597025,0.241282999516,,
2017-08-03 23:40:00,0.0875550002587,0.244359791279,,
2017-08-03 23:42:00,0.175733848568,0.233888924122,,
2017-08-03 23:44:00,0.175894316941,0.221069037914,,
2017-08-03 23:46:00,0.166951690932,0.150922298431,,
2017-08-03 23:48:00,0.194710913648,0.0799943804741,,
2017-08-03 23:50:00,0.17330869777,0.202394127846,,
2017-08-03 23:52:00,0.176863529898,0.173849463463,,
2017-08-03 23:54:00,0.19388052066,0.189022183418,,
2017-08-03 23:56:00,0.208714995704,0.199490904808,,
2017-08-03 23:58:00,0.208872127126,0.173069357872,,
2017-08-04 00:00:00,0.20998541287,0.191789865494,,
2017-08-04 00:02:00,0.206261830833,0.218650758266,,
2017-08-04 00:04:00,0.214544211761,0.221795618534,,
2017-08-04 00:06:00,0.221763219507,0.215604960918,,
2017-08-04 00:08:00,0.227749443778,0.213955760002,,
2017-08-04 00:10:00,0.224112283697,0.216371357441,,
2017-08-04 00:12:00,0.246102901229,0.229287087917,,
2017-08-04 00:14:00,0.234118232939,0.234762966633,,
2017-08-04 00:16:00,0.250008453462,0.233666837215,,
2017-08-04 00:18:00,0.255514800277,0.242861270905,,
2017-08-04 00:20:00,0.246070521551,0.253082931042,,
2017-08-04 00:22:00,0.262610015585,0.244606614113,,
2017-08-04 00:24:00,0.263711825532,0.265715956688,,
2017-08-04 00:26:00,0.284892506648,0.256149888039,,
2017-08-04 00:28:00,,0.257733345032,,
