2017-07-30 06:23:00,0.0708714885588,,,
2017-07-30 06:25:00,0.0729313712113,,,
2017-07-30 06:27:00,0.0749912538639,,,
2017-07-30 06:29:00,0.0770511365164,,,
2017-07-30 06:31:00,0.079111019169,,,
2017-07-30 06:33:00,0.0811709018215,,,
2017-07-30 06:35:00,0.0832307844741,,,
2017-07-30 06:37:00,0.0852906671266,,,
2017-07-30 06:39:00,0.0873505497792,,,
2017-07-30 06:41:00,0.0894104324317,,,
2017-07-30 06:43:00,0.0914703150843,,,
2017-07-30 06:45:00,0.0935301977368,,,
2017-07-30 06:47:00,0.0955900803894,,,
2017-07-30 06:49:00,0.0976499630419,,,
2017-07-30 06:51:00,0.0997098456945,,,
2017-07-30 06:53:00,0.101769728347,,,
2017-07-30 06:55:00,0.103829611,,,
2017-07-30 06:57:00,0.105889493652,,,
2017-07-30 06:59:00,0.107949376305,,,
2017-07-30 07:01:00,0.110009258957,,,
2017-07-30 07:03:00,0.11206914161,,,
2017-07-30 07:05:00,0.114129024262,,,
2017-07-30 07:07:00,0.116188906915,,,
2017-07-30 07:09:00,0.118248789567,,,
2017-07-30 07:11:00,0.12030867222,,,
2017-07-30 07:13:00,0.122368554872,,,
2017-07-30 07:15:00,0.124428437525,,,
2017-07-30 07:17:00,0.126488320178,,,
2017-07-30 07:19:00,0.12854820283,,,
2017-07-30 07:21:00,0.130608085483,,,
2017-07-30 07:23:00,0.132667968135,,,
2017-07-30 07:25:00,0.134727850788,,,
2017-07-30 07:27:00,0.13678773344,,,
2017-07-30 07:29:00,0.138847616093,,,
2017-07-30 07:31:00,0.140907498745,,,
2017-07-30 07:33:00,0.142967381398,,,
2017-07-30 07:35:00,0.145027264051,,,
2017-07-30 07:37:00,0.147087146703,,,
2017-07-30 07:39:00,0.149147029356,,,
2017-07-30 07:41:00,0.151206912008,,,
2017-07-30 07:43:00,0.153266794661,,,
2017-07-30 07:45:00,0.149183707962,,,
2017-07-30 07:47:00,0.156654920432,,,
2017-07-30 07:49:00,0.167931827753,,,
2017-07-30 07:51:00,0.166489440614,,,
2017-07-30 07:53:00,0.171447573362,,,
2017-07-30 07:55:00,0.157952078263,,,
2017-07-30 07:57:00,0.141318804112,,,
2017-07-30 07:59:00,0.140990765547,,,
2017-07-30 08:01:00,0.151569750017,,,
2017-07-30 08:03:00,0.155296802953,,,
2017-07-30 08:05:00,0.176468978555,,,
2017-07-30 08:07:00,0.15397002131,,,
2017-07-30 08:09:00,0.152855522475,,,
2017-07-30 08:11:00,0.164945266789,,,
2017-07-30 08:13:00,0.184879794895,,,
2017-07-30 08:15:00,0.172369246817,,,
2017-07-30 08:17:00,0.188355183683,,,
2017-07-30 08:19:00,0.168323001932,,,
2017-07-30 08:21:00,0.187600646959,,,
2017-07-30 08:23:00,0.192620045198,,,
2017-07-30 08:25:00,0.204702548899,,,
2017-07-30 08:27:00,0.184437642108,,,
2017-07-30 08:29:00,0.194085988799,,,
2017-07-30 08:31:00,0.207419041876,,,
2017-07-30 08:33:00,0.223326215952,,,
2017-07-30 08:35:00,0.20393785711,,,
2017-07-30 08:37:00,0.22547893748,,,
2017-07-30 08:39:00,0.238618645517,,,
2017-07-30 08:41:00,0.264648565044,,,
2017-07-30 08:43:00,0.264968055098,,,
2017-07-30 08:45:00,0.283798786115,,,
2017-07-30 08:47:00,0.321564918959,,,
2017-07-30 08:49:00,0.309910107893,,,
2017-07-30 08:51:00,0.337461691171,,,
2017-07-30 08:53:00,0.357088731777,,,
2017-07-30 08:55:00,0.364422692829,,,
2017-07-30 08:57:00,0.382556449442,,,
2017-07-30 08:59:00,0.376619734829,,,
2017-07-30 09:01:00,0.387222418332,,,
2017-07-30 09:03:00,0.419966783837,,,
2017-07-30 09:05:00,0.440850084176,,,
2017-07-30 09:07:00,0.422868403381,,,
2017-07-30 09:09:00,0.443742717068,,,
2017-07-30 09:11:00,0.452092132697,,,
2017-07-30 09:13:00,0.471340966085,,,
2017-07-30 09:15:00,0.485367078717,,,
2017-07-30 09:17:00,0.487261477908,,,
2017-07-30 09:19:00,0.496817952669,,,
2017-07-30 09:21:00,0.520389914208,,,
2017-07-30 09:23:00,0.520170807357,,,
2017-07-30 09:25:00,0.554128317982,,,
2017-07-30 09:27:00,0.569530872729,,,
2017-07-30 09:29:00,0.561964857479,,,
2017-07-30 09:31:00,0.583398286528,,,
2017-07-30 09:33:00,0.571316274847,,,
2017-07-30 09:35:00,0.590540411826,,,
2017-07-30 09:37:00,0.62152824418,,,
2017-07-30 09:39:00,0.600079919911,,,
2017-07-30 09:41:00,0.616312510198,,,
2017-07-30 09:43:00,0.62664126317,,,
2017-07-30 09:45:00,0.607723379556,,,
2017-07-30 09:47:00,0.616430508276,,,
2017-07-30 09:49:00,0.638825563807,,,
2017-07-30 09:51:00,0.636053899291,,,
2017-07-30 09:53:00,0.63406562147,,,
2017-07-30 09:55:00,0.624482223589,,,
2017-07-30 09:57:00,0.626353532827,,,
2017-07-30 09:59:00,0.63720752473,,,
2017-07-30 10:01:00,0.61364516962,,,
2017-07-30 10:03:00,0.640902995865,,,
2017-07-30 10:05:00,0.622875333712,,,
2017-07-30 10:07:00,0.599585339777,,,
2017-07-30 10:09:00,0.612289002951,,,
2017-07-30 10:11:00,0.580272197726,,,
2017-07-30 10:13:00,0.570672443473,,,
2017-07-30 10:15:00,0.58252783519,,,
2017-07-30 10:17:00,0.560088226341,,,
2017-07-30 10:19:00,0.575506721596,,,
2017-07-30 10:21:00,0.546781832983,,,
2017-07-30 10:23:00,0.544559398696,,,
2017-07-30 10:25:00,0.551021246676,,,
2017-07-30 10:27:00,0.552077526688,,,
2017-07-30 10:29:00,0.547062868696,,,
2017-07-30 10:31:00,0.534188991761,,,
2017-07-30 10:33:00,0.520484590769,,,
2017-07-30 10:35:00,0.501548403055,,,
2017-07-30 10:37:00,0.511023953444,,,
2017-07-30 10:39:00,0.502077675132,,,
2017-07-30 10:41:00,0.513089483708,,,
2017-07-30 10:43:00,0.498205061747,,,
2017-07-30 10:45:00,0.511455827719,,,
2017-07-30 10:47:00,0.487366488618,,,
2017-07-30 10:49:00,0.503540979499,,,
2017-07-30 10:51:00,0.484669044183,,,
2017-07-30 10:53:00,0.466275291876,,,
2017-07-30 10:55:00,0.474756626066,,,
2017-07-30 10:57:00,0.475636506746,,,
2017-07-30 10:59:00,0.485381555373,,,
2017-07-30 11:01:00,0.489393774408,,,
2017-07-30 11:03:00,0.488511567859,,,
2017-07-30 11:05:00,0.490776160211,,,
2017-07-30 11:07:00,0.496014606361,,,
2017-07-30 11:09:00,0.508168313482,,,
2017-07-30 11:11:00,0.483166157027,,,
2017-07-30 11:13:00,0.507105116862,,,
2017-07-30 11:15:00,0.519622570361,,,
2017-07-30 11:17:00,0.564069039375,,,
2017-07-30 11:19:00,0.511634962229,,,
2017-07-30 11:21:00,0.50087373253,,,
2017-07-30 11:23:00,0.492648277938,,,
2017-07-30 11:25:00,0.494490082076,,,
2017-07-30 11:27:00,0.49536639597,,,
2017-07-30 11:29:00,0.504805184382,,,
2017-07-30 11:31:00,0.493249568165,,,
2017-07-30 11:33:00,0.479530888016,,,
2017-07-30 11:35:00,0.503679598438,,,
2017-07-30 11:37:00,0.502718538953,,,
2017-07-30 11:39:00,0.507562298857,,,
2017-07-30 11:41:00,0.48253510901,,,
2017-07-30 11:43:00,0.525239223452,,,
2017-07-30 11:45:00,0.501752578047,,,
2017-07-30 11:47:00,0.497112071106,,,
2017-07-30 11:49:00,0.469465818185,,,
2017-07-30 11:51:00,0.464403414341,,,
2017-07-30 11:53:00,0.442013918644,,,
2017-07-30 11:55:00,0.418439231662,,,
2017-07-30 11:57:00,0.422519426031,,,
2017-07-30 11:59:00,0.413096930544,,,
2017-07-30 12:01:00,0.412090931046,,,
2017-07-30 12:03:00,0.413960505527,,,
2017-07-30 12:05:00,0.39793856524,,,
2017-07-30 12:07:00,0.445561161583,,,
2017-07-30 12:09:00,0.433926041322,,,
2017-07-30 12:11:00,0.474789386468,,,
2017-07-30 12:13:00,0.482926639035,,,
2017-07-30 12:15:00,0.510225797112,,,
2017-07-30 12:17:00,0.539895071636,,,
2017-07-30 12:19:00,0.51841328877,,,
2017-07-30 12:21:00,0.544905274579,,,
2017-07-30 12:23:00,0.572273353094,,,
2017-07-30 12:25:00,0.582306212302,,,
2017-07-30 12:27:00,0.604604462971,,,
2017-07-30 12:29:00,0.636202284987,,,
2017-07-30 12:31:00,0.611135201678,,,
2017-07-30 12:33:00,0.642644353553,,,
2017-07-30 12:35:00,0.647603480779,,,
2017-07-30 12:37:00,0.677355640603,,,
2017-07-30 12:39:00,0.688647852213,,,
2017-07-30 12:41:00,0.665458222546,,,
2017-07-30 12:43:00,0.667385635327,,,
2017-07-30 12:45:00,0.676457053383,,,
2017-07-30 12:47:00,0.693699669455,,,
2017-07-30 12:49:00,0.680453085884,,,
2017-07-30 12:51:00,0.680082497694,,,
2017-07-30 12:53:00,0.703586043453,,,
2017-07-30 12:55:00,0.677098962601,,,
2017-07-30 12:57:00,0.693913525384,,,
2017-07-30 12:59:00,0.696309972713,,,
2017-07-30 13:01:00,0.704435282116,,,
2017-07-30 13:03:00,0.668997765621,,,
2017-07-30 13:05:00,0.668966004595,,,
2017-07-30 13:07:00,0.670925613357,,,
2017-07-30 13:09:00,0.666013302995,,,
2017-07-30 13:11:00,0.67734848518,,,
2017-07-30 13:13:00,0.689972902743,,,
2017-07-30 13:15:00,0.671737147641,,,
2017-07-30 13:17:00,0.704013688311,,,
2017-07-30 13:19:00,0.677759318475,,,
2017-07-30 13:21:00,0.665445442464,,,
2017-07-30 13:23:00,0.652325337728,,,
2017-07-30 13:25:00,0.661975024682,,,
2017-07-30 13:27:00,0.646640201519,,,
2017-07-30 13:29:00,0.657238897487,,,
2017-07-30 13:31:00,0.633143486694,,,
2017-07-30 13:33:00,0.627508828373,,,
2017-07-30 13:35:00,0.595399888096,,,
2017-07-30 13:37:00,0.515404396026,,,
2017-07-30 13:39:00,0.435408903956,,,
2017-07-30 13:41:00,0.355413411886,,,
2017-07-30 13:43:00,0.275417919816,,,
2017-07-30 13:45:00,0.195422427746,,,
2017-07-30 13:47:00,0.115426935676,,,
2017-07-30 13:49:00,0.450218800991,,,
2017-07-30 13:51:00,0.404851487035,,,
2017-07-30 13:53:00,0.40851214375,,,
2017-07-30 13:55:00,0.415933922527,,,
2017-07-30 13:57:00,0.410225594579,,,
2017-07-30 13:59:00,0.387113113722,,,
2017-07-30 14:01:00,0.401821004636,,,
2017-07-30 14:03:00,0.389481436678,,,
2017-07-30 14:05:00,0.373150034178,,,
2017-07-30 14:07:00,0.363536455236,,,
2017-07-30 14:09:00,0.374585552091,,,
2017-07-30 14:11:00,0.363293114569,,,
2017-07-30 14:13:00,0.355500095628,,,
2017-07-30 14:15:00,0.0545733487172,,,
2017-07-30 14:17:00,0.299544712279,,,
2017-07-30 14:19:00,0.278180324173,,,
2017-07-30 14:21:00,0.267916148777,,,
2017-07-30 14:23:00,0.194954997921,,,
2017-07-30 14:25:00,0.261166472507,,,
2017-07-30 14:27:00,0.255045583932,,,
2017-07-30 14:29:00,0.303111691623,,,
2017-07-30 14:31:00,0.213564006304,,,
2017-07-30 14:33:00,0.244636507555,,,
2017-07-30 14:35:00,0.264709924802,,,
2017-07-30 14:37:00,0.239685880794,,,
2017-07-30 14:39:00,0.258867386569,,,
2017-07-30 14:41:00,0.266054064776,,,
2017-07-30 14:43:00,0.292517688288,,,
2017-07-30 14:45:00,0.318981311801,,,
2017-07-30 14:47:00,0.225245900187,,,
2017-07-30 14:49:00,0.216344051143,,,
2017-07-30 14:51:00,0.220838330139,,,
2017-07-30 14:53:00,0.248124944511,,,
2017-07-30 14:55:00,0.268224026408,,,
2017-07-30 14:57:00,0.210004011281,,,
2017-07-30 14:59:00,0.263331622277,,,
2017-07-30 15:01:00,0.267042154506,,,
2017-07-30 15:03:00,0.215239962783,,,
2017-07-30 15:05:00,0.224057361712,,,
2017-07-30 15:07:00,0.223676915922,,,
2017-07-30 15:09:00,0.217757021644,,,
2017-07-30 15:11:00,0.221012752346,,,
2017-07-30 15:13:00,0.220343305629,,,
2017-07-30 15:15:00,0.226265390255,,,
2017-07-30 15:17:00,0.228163442978,,,
2017-07-30 15:19:00,0.22956507612,,,
2017-07-30 15:21:00,0.213228417525,,,
2017-07-30 15:23:00,0.256624348085,,,
2017-07-30 15:25:00,0.188051056433,,,
2017-07-30 15:27:00,0.261445262375,,,
2017-07-30 15:29:00,0.145619573528,,,
2017-07-30 15:31:00,0.178175398516,,,
2017-07-30 15:33:00,0.180241079527,,,
2017-07-30 15:35:00,0.189190021508,,,
2017-07-30 15:37:00,0.243767841018,,,
2017-07-30 15:39:00,0.175941529182,,,
2017-07-30 15:41:00,0.175710758743,,,
2017-07-30 15:43:00,0.185421932437,,,
2017-07-30 15:45:00,0.168262886577,,,
2017-07-30 15:47:00,0.195220463521,,,
2017-07-30 15:49:00,0.18281422242,,,
2017-07-30 15:51:00,0.195720352495,,,
2017-07-30 15:53:00,0.205493009123,,,
2017-07-30 15:55:00,0.191803223115,,,
2017-07-30 15:57:00,0.195277682833,,,
2017-07-30 15:59:00,0.193098826075,,,
2017-07-30 16:01:00,0.181839696503,,,
2017-07-30 16:03:00,0.195314370244,,,
2017-07-30 16:05:00,0.204285914943,,,
2017-07-30 16:07:00,0.206935710072,,,
2017-07-30 16:09:00,0.197868839144,,,
2017-07-30 16:11:00,0.217118827459,,,
2017-07-30 16:13:00,0.212909636386,,,
2017-07-30 16:15:00,0.214717361049,,,
2017-07-30 16:17:00,0.227428176252,,,
2017-07-30 16:19:00,0.222347449593,,,
2017-07-30 16:21:00,0.222262012089,,,
2017-07-30 16:23:00,0.213715495979,,,
2017-07-30 16:25:00,0.21296104726,,,
2017-07-30 16:27:00,0.220368982365,,,
2017-07-30 16:29:00,0.232753901741,,,
2017-07-30 16:31:00,0.227842706345,,,
2017-07-30 16:33:00,0.237054331922,,,
2017-07-30 16:35:00,0.215728158098,,,
2017-07-30 16:37:00,0.2515817989,,,
2017-07-30 16:39:00,0.247187026663,,,
2017-07-30 16:41:00,0.26148250268,,,
2017-07-30 16:43:00,0.272277233534,,,
2017-07-30 16:45:00,0.300508510511,,,
2017-07-30 16:47:00,0.281982193636,,,
2017-07-30 16:49:00,0.305550737046,,,
2017-07-30 16:51:00,0.315880383147,,,
2017-07-30 16:53:00,0.347981638361,,,
2017-07-30 16:55:00,0.385702537855,,,
2017-07-30 16:57:00,0.36590638786,,,
2017-07-30 16:59:00,0.373890730996,,,
2017-07-30 17:01:00,0.388928752066,,,
2017-07-30 17:03:00,0.40286065268,,,
2017-07-30 17:05:00,0.453902010484,,,
2017-07-30 17:07:00,0.439854708042,,,
2017-07-30 17:09:00,0.4368540517,,,
2017-07-30 17:11:00,0.447702299729,,,
2017-07-30 17:13:00,0.468409042156,,,
2017-07-30 17:15:00,0.474715387922,,,
2017-07-30 17:17:00,0.481863927553,,,
2017-07-30 17:19:00,0.49701848925,,,
2017-07-30 17:21:00,0.517720918648,,,
2017-07-30 17:23:00,0.520855271474,,,
2017-07-30 17:25:00,0.523890998713,,,
2017-07-30 17:27:00,0.535070658645,,,
2017-07-30 17:29:00,0.571228878065,,,
2017-07-30 17:31:00,0.558921447563,,,
2017-07-30 17:33:00,0.565295567741,,,
2017-07-30 17:35:00,0.557363477837,,,
2017-07-30 17:37:00,0.606226976547,,,
2017-07-30 17:39:00,0.583149008508,,,
2017-07-30 17:41:00,0.605305664902,,,
2017-07-30 17:43:00,0.600390679873,,,
2017-07-30 17:45:00,0.617543129855,,,
2017-07-30 17:47:00,0.620644949049,,,
2017-07-30 17:49:00,0.606999971904,,,
2017-07-30 17:51:00,0.615281330142,,,
2017-07-30 17:53:00,0.626364918628,,,
2017-07-30 17:55:00,0.596683058789,,,
2017-07-30 17:57:00,0.621002946507,,,
2017-07-30 17:59:00,0.609001229269,,,
2017-07-30 18:01:00,0.602097988649,,,
2017-07-30 18:03:00,0.579631932641,,,
2017-07-30 18:05:00,0.576561983922,,,
2017-07-30 18:07:00,0.604866491235,,,
2017-07-30 18:09:00,0.577852161839,,,
2017-07-30 18:11:00,0.557488968171,,,
2017-07-30 18:13:00,0.582851738151,,,
2017-07-30 18:15:00,0.569923217832,,,
2017-07-30 18:17:00,0.544117919555,,,
2017-07-30 18:19:00,0.577250130159,,,
2017-07-30 18:21:00,0.556990006372,,,
2017-07-30 18:23:00,0.54482101923,,,
2017-07-30 18:25:00,0.520167715126,,,
2017-07-30 18:27:00,0.499135762228,,,
2017-07-30 18:29:00,0.49589957712,,,
2017-07-30 18:31:00,0.495434597141,,,
2017-07-30 18:33:00,0.497766824058,,,
2017-07-30 18:35:00,0.516012107498,,,
2017-07-30 18:37:00,0.511324538947,,,
2017-07-30 18:39:00,0.496317206664,,,
2017-07-30 18:41:00,0.477302180666,,,
2017-07-30 18:43:00,0.480450791553,,,
2017-07-30 18:45:00,0.470987736228,,,
2017-07-30 18:47:00,0.41462553449,,,
2017-07-30 18:49:00,0.358263332752,,,
2017-07-30 18:51:00,0.364387688993,,,
2017-07-30 18:53:00,0.388804068785,,,
2017-07-30 18:55:00,0.31842699677,,,
2017-07-30 18:57:00,0.387654792626,,,
2017-07-30 18:59:00,0.342016166125,,,
2017-07-30 19:01:00,0.362707983581,,,
2017-07-30 19:03:00,0.363537043031,,,
2017-07-30 19:05:00,0.342267191217,,,
2017-07-30 19:07:00,0.320997339403,,,
2017-07-30 19:09:00,0.328069230999,,,
2017-07-30 19:11:00,0.371247207044,,,
2017-07-30 19:13:00,0.375640469915,,,
2017-07-30 19:15:00,0.387732265133,,,
2017-07-30 19:17:00,0.38745015553,,,
2017-07-30 19:19:00,0.336339642859,,,
2017-07-30 19:21:00,0.358769666194,,,
2017-07-30 19:23:00,0.375520428855,,,
2017-07-30 19:25:00,0.385665641883,,,
2017-07-30 19:27:00,0.365638294926,,,
2017-07-30 19:29:00,0.383490994932,,,
2017-07-30 19:31:00,0.371444148049,,,
2017-07-30 19:33:00,0.37092660627,,,
2017-07-30 19:35:00,0.377856349065,,,
2017-07-30 19:37:00,0.40026342929,,,
2017-07-30 19:39:00,0.408216958296,,,
2017-07-30 19:41:00,0.407266550618,,,
2017-07-30 19:43:00,0.399685139682,,,
2017-07-30 19:45:00,0.416700081964,,,
2017-07-30 19:47:00,0.392129310554,,,
2017-07-30 19:49:00,0.406891997963,,,
2017-07-30 19:51:00,0.382843762165,,,
2017-07-30 19:53:00,0.350674165852,,,
2017-07-30 19:55:00,0.366339801862,,,
2017-07-30 19:57:00,0.364318676543,,,
2017-07-30 19:59:00,0.343721928918,,,
2017-07-30 20:01:00,0.366587355031,,,
2017-07-30 20:03:00,0.348986029827,,,
2017-07-30 20:05:00,0.340832369971,,,
2017-07-30 20:07:00,0.381035872474,,,
2017-07-30 20:09:00,0.373053506874,,,
2017-07-30 20:11:00,0.395867384351,,,
2017-07-30 20:13:00,0.403954739746,,,
2017-07-30 20:15:00,0.419089709741,,,
2017-07-30 20:17:00,0.42344282472,,,
2017-07-30 20:19:00,0.451047577297,,,
2017-07-30 20:21:00,0.471863453281,,,
2017-07-30 20:23:00,0.499828249471,,,
2017-07-30 20:25:00,0.473667120287,,,
2017-07-30 20:27:00,0.495821146894,,,
2017-07-30 20:29:00,0.505117507165,,,
2017-07-30 20:31:00,0.544461344508,,,
2017-07-30 20:33:00,0.559127625633,,,
2017-07-30 20:35:00,0.539093820994,,,
2017-07-30 20:37:00,0.586365084591,,,
2017-07-30 20:39:00,0.558438866476,,,
2017-07-30 20:41:00,0.590724645994,,,
2017-07-30 20:43:00,0.580499461039,,,
2017-07-30 20:45:00,0.609189016246,,,
2017-07-30 20:47:00,0.592576301926,,,
2017-07-30 20:49:00,0.608558615935,,,
2017-07-30 20:51:00,0.599230201685,,,
2017-07-30 20:53:00,0.580386957987,,,
2017-07-30 20:55:00,0.58818199097,,,
2017-07-30 20:57:00,0.607215785997,,,
2017-07-30 20:59:00,0.548287557959,,,
2017-07-30 21:01:00,0.607166231095,,,
2017-07-30 21:03:00,0.595223722263,,,
2017-07-30 21:05:00,0.586853705396,,,
2017-07-30 21:07:00,0.586547773069,,,
2017-07-30 21:09:00,0.595064641404,,,
2017-07-30 21:11:00,0.593109365724,,,
2017-07-30 21:13:00,0.611144654542,,,
2017-07-30 21:15:00,0.616804539688,,,
2017-07-30 21:17:00,0.575578832972,,,
2017-07-30 21:19:00,0.560389625705,,,
2017-07-30 21:21:00,0.585937292828,,,
2017-07-30 21:23:00,0.581908921551,,,
2017-07-30 21:25:00,0.558517149024,,,
2017-07-30 21:27:00,0.572020410273,,,
2017-07-30 21:29:00,0.547464254738,,,
2017-07-30 21:31:00,0.556960312148,,,
2017-07-30 21:33:00,0.538200771445,,,
2017-07-30 21:35:00,0.535799325517,,,
2017-07-30 21:37:00,0.51984735584,,,
2017-07-30 21:39:00,0.494272689754,,,
2017-07-30 21:41:00,0.520110678571,,,
2017-07-30 21:43:00,0.514074938212,,,
2017-07-30 21:45:00,0.507860697425,,,
2017-07-30 21:47:00,0.468663567438,,,
2017-07-30 21:49:00,0.435821021131,,,
2017-07-30 21:51:00,0.457407313116,,,
2017-07-30 21:53:00,0.458143788936,,,
2017-07-30 21:55:00,0.451201803723,,,
2017-07-30 21:57:00,0.427551195013,,,
2017-07-30 21:59:00,0.408891182224,,,
2017-07-30 22:01:00,0.422237452695,,,
2017-07-30 22:03:00,0.410833381801,,,
2017-07-30 22:05:00,0.399967985967,,,
2017-07-30 22:07:00,0.386435376661,,,
2017-07-30 22:09:00,0.399772513939,,,
2017-07-30 22:11:00,0.356105904813,,,
2017-07-30 22:13:00,0.338368293412,,,
2017-07-30 22:15:00,0.320243681881,,,
2017-07-30 22:17:00,0.326309179052,,,
2017-07-30 22:19:00,0.326545311509,,,
2017-07-30 22:21:00,0.316929202176,,,
2017-07-30 22:23:00,0.296183602509,,,
2017-07-30 22:25:00,0.302901242741,,,
2017-07-30 22:27:00,0.288239614171,,,
2017-07-30 22:29:00,0.291616649305,,,
2017-07-30 22:31:00,0.293801743386,,,
2017-07-30 22:33:00,0.291702119687,,,
2017-07-30 22:35:00,0.297566502886,,,
2017-07-30 22:37:00,0.283335348154,,,
2017-07-30 22:39:00,0.300275201978,,,
2017-07-30 22:41:00,0.287527637121,,,
2017-07-30 22:43:00,0.285175180256,,,
2017-07-30 22:45:00,0.255714707489,,,
2017-07-30 22:47:00,0.265418969272,,,
2017-07-30 22:49:00,0.296841719581,,,
2017-07-30 22:51:00,0.286372212977,,,
2017-07-30 22:53:00,0.262382229238,,,
2017-07-30 22:55:00,0.256414124513,,,
2017-07-30 22:57:00,0.266676947407,,,
2017-07-30 22:59:00,0.26845366046,,,
2017-07-30 23:01:00,0.25069215152,,,
2017-07-30 23:03:00,0.256088879568,,,
2017-07-30 23:05:00,0.254383076807,,,
2017-07-30 23:07:00,0.261063989255,,,
2017-07-30 23:09:00,0.268803989528,,,
2017-07-30 23:11:00,0.257118903902,,,
2017-07-30 23:13:00,0.264337059449,,,
2017-07-30 23:15:00,0.253254075559,,,
2017-07-30 23:17:00,0.248543514169,,,
2017-07-30 23:19:00,0.247991954942,,,
2017-07-30 23:21:00,0.24570819967,,,
2017-07-30 23:23:00,0.237261473685,,,
2017-07-30 23:25:00,0.239334114018,,,
2017-07-30 23:27:00,0.228770716747,,,
2017-07-30 23:29:00,0.21483939549,,,
2017-07-30 23:31:00,0.245797124379,,,
2017-07-30 23:33:00,0.239670649787,,,
2017-07-30 23:35:00,0.233755818291,,,
2017-07-30 23:37:00,0.235123808516,,,
2017-07-30 23:39:00,0.229502060212,,,
2017-07-30 23:41:00,0.228689746084,,,
2017-07-30 23:43:00,0.231611344236,,,
2017-07-30 23:45:00,0.204172532369,,,
2017-07-30 23:47:00,0.216985799717,,,
2017-07-30 23:49:00,0.225253490334,,,
2017-07-30 23:51:00,0.234215256105,,,
2017-07-30 23:53:00,0.215826347173,,,
2017-07-30 23:55:00,0.234271102866,,,
2017-07-30 23:57:00,0.220321176287,,,
2017-07-30 23:59:00,0.245297139002,,,
2017-07-31 00:01:00,0.252851559994,,,
2017-07-31 00:03:00,0.247851501051,,,
2017-07-31 00:05:00,0.233117724807,,,
2017-07-31 00:07:00,0.238165510374,,,
2017-07-31 00:09:00,0.232777174573,,,
2017-07-31 00:11:00,0.248337758029,,,
2017-07-31 00:13:00,0.233269769918,,,
2017-07-31 00:15:00,0.257776377149,,,
2017-07-31 00:17:00,0.271458858405,,,
2017-07-31 00:19:00,0.245667103724,,,
2017-07-31 00:21:00,0.251536939382,,,
2017-07-31 00:23:00,0.264414418929,,,
2017-07-31 00:25:00,0.258024818859,,,
2017-07-31 00:27:00,0.258453662152,,,
2017-07-31 00:29:00,0.278992590361,,,
2017-07-31 00:31:00,0.288855425279,,,
2017-07-31 00:33:00,0.256841698985,,,
2017-07-31 00:35:00,0.246252634607,,,
2017-07-31 00:37:00,0.261308212997,,,
2017-07-31 00:39:00,0.288191612849,,,
2017-07-31 00:41:00,0.308558712541,,,
2017-07-31 00:43:00,0.316676181472,,,
2017-07-31 00:45:00,0.329437732856,,,
2017-07-31 00:47:00,0.333535528988,,,
2017-07-31 00:49:00,0.352618748643,,,
2017-07-31 00:51:00,0.356243202638,,,
2017-07-31 00:53:00,0.350843921714,,,
2017-07-31 00:55:00,0.393655858333,,,
2017-07-31 00:57:00,0.437094115801,,,
2017-07-31 00:59:00,0.433555618964,,,
2017-07-31 01:01:00,0.442990739321,,,
2017-07-31 01:03:00,0.450398276788,,,
2017-07-31 01:05:00,0.440698945487,,,
2017-07-31 01:07:00,0.472821002272,,,
2017-07-31 01:09:00,0.487440112513,,,
2017-07-31 01:11:00,0.472870696487,,,
2017-07-31 01:13:00,0.485243163604,,,
2017-07-31 01:15:00,0.491688952001,,,
2017-07-31 01:17:00,0.512511604989,,,
2017-07-31 01:19:00,0.531226132277,,,
2017-07-31 01:21:00,0.50560423644,,,
2017-07-31 01:23:00,0.527983097536,,,
2017-07-31 01:25:00,0.54159066466,,,
2017-07-31 01:27:00,0.56503308157,,,
2017-07-31 01:29:00,0.583501492476,,,
2017-07-31 01:31:00,0.574700785383,,,
2017-07-31 01:33:00,0.559444531133,,,
2017-07-31 01:35:00,0.572951535911,,,
2017-07-31 01:37:00,0.591871584921,,,
2017-07-31 01:39:00,0.613177176345,,,
2017-07-31 01:41:00,0.638920471117,,,
2017-07-31 01:43:00,0.646410937531,,,
2017-07-31 01:45:00,0.637889542036,,,
2017-07-31 01:47:00,0.631767723633,,,
2017-07-31 01:49:00,0.623813196658,,,
2017-07-31 01:51:00,0.627004496234,,,
2017-07-31 01:53:00,0.63125934174,,,
2017-07-31 01:55:00,0.635529333206,,,
2017-07-31 01:57:00,0.617246309276,,,
2017-07-31 01:59:00,0.617625208565,,,
2017-07-31 02:01:00,0.608227247533,,,
2017-07-31 02:03:00,0.610976962386,,,
2017-07-31 02:05:00,0.59853659319,,,
2017-07-31 02:07:00,0.630734482131,,,
2017-07-31 02:09:00,0.548620470411,,,
2017-07-31 02:11:00,0.582496290975,,,
2017-07-31 02:13:00,0.574476610853,,,
2017-07-31 02:15:00,0.584206457106,,,
2017-07-31 02:17:00,0.561186738244,,,
2017-07-31 02:19:00,0.546969522762,,,
2017-07-31 02:21:00,0.538107060312,,,
2017-07-31 02:23:00,0.558181968453,,,
2017-07-31 02:25:00,0.539137583126,,,
2017-07-31 02:27:00,0.544162646854,,,
2017-07-31 02:29:00,0.525802690673,,,
2017-07-31 02:31:00,0.513352965597,,,
2017-07-31 02:33:00,0.497443389578,,,
2017-07-31 02:35:00,0.508995796794,,,
2017-07-31 02:37:00,0.489933319405,,,
2017-07-31 02:39:00,0.484103919072,,,
2017-07-31 02:41:00,0.486359122029,,,
2017-07-31 02:43:00,0.492650632751,,,
2017-07-31 02:45:00,0.472306588235,,,
2017-07-31 02:47:00,0.475893384832,,,
2017-07-31 02:49:00,0.491087446867,,,
2017-07-31 02:51:00,0.456571890998,,,
2017-07-31 02:53:00,0.464119588231,,,
2017-07-31 02:55:00,0.483044630514,,,
2017-07-31 02:57:00,0.484396547803,,,
2017-07-31 02:59:00,0.477210768937,,,
2017-07-31 03:01:00,0.491967593575,,,
2017-07-31 03:03:00,0.464613471787,,,
2017-07-31 03:05:00,0.4856708735,,,
2017-07-31 03:07:00,0.4718948867,,,
2017-07-31 03:09:00,0.460538844953,,,
2017-07-31 03:11:00,0.474098869363,,,
2017-07-31 03:13:00,0.458047248392,,,
2017-07-31 03:15:00,0.477946895292,,,
2017-07-31 03:17:00,0.475133912678,,,
2017-07-31 03:19:00,0.467538911894,,,
2017-07-31 03:21:00,0.502014333175,,,
2017-07-31 03:23:00,0.473381796365,,,
2017-07-31 03:25:00,0.475258334107,,,
2017-07-31 03:27:00,0.468631068101,,,
2017-07-31 03:29:00,0.480472876634,,,
2017-07-31 03:31:00,0.452110608151,,,
2017-07-31 03:33:00,0.477420320768,,,
2017-07-31 03:35:00,0.461902151751,,,
2017-07-31 03:37:00,0.479534664311,,,
2017-07-31 03:39:00,0.488547126335,,,
2017-07-31 03:41:00,0.48991482568,,,
2017-07-31 03:43:00,0.49545130692,,,
2017-07-31 03:45:00,0.513318269506,,,
2017-07-31 03:47:00,0.482093265671,,,
2017-07-31 03:49:00,0.469580824984,,,
2017-07-31 03:51:00,0.433243414955,,,
2017-07-31 03:53:00,0.42618256103,,,
2017-07-31 03:55:00,0.406566093488,,,
2017-07-31 03:57:00,0.419443093499,,,
2017-07-31 03:59:00,0.425575386576,,,
2017-07-31 04:01:00,0.41592764288,,,
2017-07-31 04:03:00,0.390920446659,,,
2017-07-31 04:05:00,0.401927841704,,,
2017-07-31 04:07:00,0.418105889271,,,
2017-07-31 04:09:00,0.438540646893,,,
2017-07-31 04:11:00,0.448720755141,,,
2017-07-31 04:13:00,0.469046873827,,,
2017-07-31 04:15:00,0.475842864159,,,
2017-07-31 04:17:00,0.486627428402,,,
2017-07-31 04:19:00,0.495299903485,,,
2017-07-31 04:21:00,0.508734476815,,,
2017-07-31 04:23:00,0.538680564888,,,
2017-07-31 04:25:00,0.549139797483,,,
2017-07-31 04:27:00,0.564028894507,,,
2017-07-31 04:29:00,0.560573451677,,,
2017-07-31 04:31:00,0.580547453468,,,
2017-07-31 04:33:00,0.564200424153,,,
2017-07-31 04:35:00,0.602055662795,,,
2017-07-31 04:37:00,0.636364163118,,,
2017-07-31 04:39:00,0.629902582381,,,
2017-07-31 04:41:00,0.647546627158,,,
2017-07-31 04:43:00,0.629506900275,,,
2017-07-31 04:45:00,0.622855284236,,,
2017-07-31 04:47:00,0.632653366941,,,
2017-07-31 04:49:00,0.637401443533,,,
2017-07-31 04:51:00,0.626517519264,,,
2017-07-31 04:53:00,0.636462650166,,,
2017-07-31 04:55:00,0.635897164934,,,
2017-07-31 04:57:00,0.612712081707,,,
2017-07-31 04:59:00,0.624653045081,,,
2017-07-31 05:01:00,0.617201293294,,,
2017-07-31 05:03:00,0.647015841142,,,
2017-07-31 05:05:00,0.624222662481,,,
2017-07-31 05:07:00,0.610578125106,,,
2017-07-31 05:09:00,0.619341103226,,,
2017-07-31 05:11:00,0.638385242404,,,
2017-07-31 05:13:00,0.629359328752,,,
2017-07-31 05:15:00,0.615623175874,,,
2017-07-31 05:17:00,0.617491293093,,,
2017-07-31 05:19:00,0.644040412683,,,
2017-07-31 05:21:00,0.623413072825,,,
2017-07-31 05:23:00,0.628042838394,,,
2017-07-31 05:25:00,0.600780546454,,,
2017-07-31 05:27:00,0.582189022948,,,
2017-07-31 05:29:00,0.600331580598,,,
2017-07-31 05:31:00,0.606666897354,,,
2017-07-31 05:33:00,0.592587848678,,,
2017-07-31 05:35:00,0.566119395791,,,
2017-07-31 05:37:00,0.517452186932,,,
2017-07-31 05:39:00,0.52806392114,,,
2017-07-31 05:41:00,0.536782287443,,,
2017-07-31 05:43:00,0.543326213691,,,
2017-07-31 05:45:00,0.504320567533,,,
2017-07-31 05:47:00,0.521767442459,,,
2017-07-31 05:49:00,0.480967482895,,,
2017-07-31 05:51:00,0.495999572533,,,
2017-07-31 05:53:00,0.471169821714,,,
2017-07-31 05:55:00,0.495242230761,,,
2017-07-31 05:57:00,0.493329051242,,,
2017-07-31 05:59:00,0.497653808064,,,
2017-07-31 06:01:00,0.4787008439,,,
2017-07-31 06:03:00,0.482232477172,,,
2017-07-31 06:05:00,0.46452691038,,,
2017-07-31 06:07:00,0.4565378375,,,
2017-07-31 06:09:00,0.4255471796,,,
2017-07-31 06:11:00,0.429244752105,,,
2017-07-31 06:13:00,0.42540576472,,,
2017-07-31 06:15:00,0.412217513308,,,
2017-07-31 06:17:00,0.399484222381,,,
2017-07-31 06:19:00,0.393842585772,,,
2017-07-31 06:21:00,0.372362645864,,,
2017-07-31 06:23:00,0.359597372633,,,
2017-07-31 06:25:00,0.340214001427,,,
2017-07-31 06:27:00,0.352714119487,,,
2017-07-31 06:29:00,0.344664345717,,,
2017-07-31 06:31:00,0.340892618921,,,
2017-07-31 06:33:00,0.354289855437,,,
2017-07-31 06:35:00,0.346983165257,,,
2017-07-31 06:37:00,0.353651109541,,,
2017-07-31 06:39:00,0.343238323701,,,
2017-07-31 06:41:00,0.372137467716,,,
2017-07-31 06:43:00,0.345262936811,,,
2017-07-31 06:45:00,0.346621188143,,,
2017-07-31 06:47:00,0.340716632806,,,
2017-07-31 06:49:00,0.332208217395,,,
2017-07-31 06:51:00,0.341527844548,,,
2017-07-31 06:53:00,0.338666907936,,,
2017-07-31 06:55:00,0.348906432009,,,
2017-07-31 06:57:00,0.325627679244,,,
2017-07-31 06:59:00,0.31554216197,,,
2017-07-31 07:01:00,0.317140541851,,,
2017-07-31 07:03:00,0.322993251448,,,
2017-07-31 07:05:00,0.328739638394,,,
2017-07-31 07:07:00,0.304984012239,,,
2017-07-31 07:09:00,0.303889029304,,,
2017-07-31 07:11:00,0.328588996164,,,
2017-07-31 07:13:00,0.308681711016,,,
2017-07-31 07:15:00,0.323041959291,,,
2017-07-31 07:17:00,0.305125859947,,,
2017-07-31 07:19:00,0.368111668392,,,
2017-07-31 07:21:00,0.282465392594,,,
2017-07-31 07:23:00,0.307828087687,,,
2017-07-31 07:25:00,0.306655546139,,,
2017-07-31 07:27:00,0.30577945921,,,
2017-07-31 07:29:00,0.291072434676,,,
2017-07-31 07:31:00,0.296353187337,,,
2017-07-31 07:33:00,0.273258874987,,,
2017-07-31 07:35:00,0.266712062958,,,
2017-07-31 07:37:00,0.293060788305,,,
2017-07-31 07:39:00,0.29407180861,,,
2017-07-31 07:41:00,0.27445941424,,,
2017-07-31 07:43:00,0.280821716988,,,
2017-07-31 07:45:00,0.251543881475,,,
2017-07-31 07:47:00,0.28482721864,,,
2017-07-31 07:49:00,0.285482708599,,,
2017-07-31 07:51:00,0.290890908702,,,
2017-07-31 07:53:00,0.299842724504,,,
2017-07-31 07:55:00,0.303959772516,,,
2017-07-31 07:57:00,0.285158199761,,,
2017-07-31 07:59:00,0.316941022903,,,
2017-07-31 08:01:00,0.303072422823,,,
2017-07-31 08:03:00,0.300062411504,,,
2017-07-31 08:05:00,0.289301295196,,,
2017-07-31 08:07:00,0.316942229697,,,
2017-07-31 08:09:00,0.306441116191,,,
2017-07-31 08:11:00,0.299680257056,,,
2017-07-31 08:13:00,0.315870967498,,,
2017-07-31 08:15:00,0.306514007635,,,
2017-07-31 08:17:00,0.318029528615,,,
2017-07-31 08:19:00,0.331951696536,,,
2017-07-31 08:21:00,0.323196567353,,,
2017-07-31 08:23:00,0.309350824129,,,
2017-07-31 08:25:00,0.295846063176,,,
2017-07-31 08:27:00,0.314201655583,,,
2017-07-31 08:29:00,0.330111328705,,,
2017-07-31 08:31:00,0.327767912385,,,
2017-07-31 08:33:00,0.321603472959,,,
2017-07-31 08:35:00,0.329164185491,,,
2017-07-31 08:37:00,0.337259250992,,,
2017-07-31 08:39:00,0.363800480917,,,
2017-07-31 08:41:00,0.376897070526,,,
2017-07-31 08:43:00,0.363444079377,,,
2017-07-31 08:45:00,0.388695380861,,,
2017-07-31 08:47:00,0.428255079732,,,
2017-07-31 08:49:00,0.416424477321,,,
2017-07-31 08:51:00,0.414506467189,,,
2017-07-31 08:53:00,0.441635016073,,,
2017-07-31 08:55:00,0.445366434926,,,
2017-07-31 08:57:00,0.455410863811,,,
2017-07-31 08:59:00,0.469559832515,,,
2017-07-31 09:01:00,0.496375103503,,,
2017-07-31 09:03:00,0.515660566188,,,
2017-07-31 09:05:00,0.518441427139,,,
2017-07-31 09:07:00,0.512538975207,,,
2017-07-31 09:09:00,0.532756119687,,,
2017-07-31 09:11:00,0.539526337407,,,
2017-07-31 09:13:00,0.541961651836,,,
2017-07-31 09:15:00,0.572411097724,,,
2017-07-31 09:17:00,0.599935131066,,,
2017-07-31 09:19:00,0.578064719334,,,
2017-07-31 09:21:00,0.59609355432,,,
2017-07-31 09:23:00,0.603544003484,,,
2017-07-31 09:25:00,0.601544210316,,,
2017-07-31 09:27:00,0.61621417155,,,
2017-07-31 09:29:00,0.643821235316,,,
2017-07-31 09:31:00,0.631785664415,,,
2017-07-31 09:33:00,0.651555030098,,,
2017-07-31 09:35:00,0.64674207059,,,
2017-07-31 09:37:00,0.631923007936,,,
2017-07-31 09:39:00,0.64502742106,,,
2017-07-31 09:41:00,0.66239929792,,,
2017-07-31 09:43:00,0.65763343644,,,
2017-07-31 09:45:00,0.667815857038,,,
2017-07-31 09:47:00,0.668644706229,,,
2017-07-31 09:49:00,0.670571218634,,,
2017-07-31 09:51:00,0.670701558356,,,
2017-07-31 09:53:00,0.649009204864,,,
2017-07-31 09:55:00,0.647122128647,,,
2017-07-31 09:57:00,0.659963868904,,,
2017-07-31 09:59:00,0.635299189692,,,
2017-07-31 10:01:00,0.650329067437,,,
2017-07-31 10:03:00,0.630190536278,,,
2017-07-31 10:05:00,0.639350136874,,,
2017-07-31 10:07:00,0.647309407796,,,
2017-07-31 10:09:00,0.632555483024,,,
2017-07-31 10:11:00,0.640793769493,,,
2017-07-31 10:13:00,0.616108399441,,,
2017-07-31 10:15:00,0.621452302389,,,
2017-07-31 10:17:00,0.605330615827,,,
2017-07-31 10:19:00,0.597110071962,,,
2017-07-31 10:21:00,0.614194944372,,,
2017-07-31 10:23:00,0.591035509945,,,
2017-07-31 10:25:00,0.589038119198,,,
2017-07-31 10:27:00,0.564858877077,,,
2017-07-31 10:29:00,0.585437418481,,,
2017-07-31 10:31:00,0.560424920242,,,
2017-07-31 10:33:00,0.546039321065,,,
2017-07-31 10:35:00,0.565300877667,,,
2017-07-31 10:37:00,0.56021182579,,,
2017-07-31 10:39:00,0.540604412807,,,
2017-07-31 10:41:00,0.550667442133,,,
2017-07-31 10:43:00,0.543535286467,,,
2017-07-31 10:45:00,0.54031845985,,,
2017-07-31 10:47:00,0.522285711972,,,
2017-07-31 10:49:00,0.534643659763,,,
2017-07-31 10:51:00,0.501290835693,,,
2017-07-31 10:53:00,0.527863708195,,,
2017-07-31 10:55:00,0.517752561576,,,
2017-07-31 10:57:00,0.517733098872,,,
2017-07-31 10:59:00,0.531092306493,,,
2017-07-31 11:01:00,0.546226680372,,,
2017-07-31 11:03:00,0.531750738477,,,
2017-07-31 11:05:00,0.544861035249,,,
2017-07-31 11:07:00,0.547009008895,,,
2017-07-31 11:09:00,0.54594812872,,,
2017-07-31 11:11:00,0.559233306688,,,
2017-07-31 11:13:00,0.5362853565,,,
2017-07-31 11:15:00,0.531362643682,,,
2017-07-31 11:17:00,0.549867197121,,,
2017-07-31 11:19:00,0.542181180864,,,
2017-07-31 11:21:00,0.546445234028,,,
2017-07-31 11:23:00,0.526732136202,,,
2017-07-31 11:25:00,0.551525516059,,,
2017-07-31 11:27:00,0.536913167958,,,
2017-07-31 11:29:00,0.522300819858,,,
2017-07-31 11:31:00,0.507688471758,,,
2017-07-31 11:33:00,0.493076123657,,,
2017-07-31 11:35:00,0.478463775557,,,
2017-07-31 11:37:00,0.463851427457,,,
2017-07-31 11:39:00,0.449239079356,,,
2017-07-31 11:41:00,0.434626731256,,,
2017-07-31 11:43:00,0.420014383156,,,
2017-07-31 11:45:00,0.405402035055,,,
2017-07-31 11:47:00,0.390789686955,,,
2017-07-31 11:49:00,0.376177338855,,,
2017-07-31 11:51:00,0.361564990755,,,
2017-07-31 11:53:00,0.346952642654,,,
2017-07-31 11:55:00,0.332340294554,,,
2017-07-31 11:57:00,0.317727946454,,,
2017-07-31 11:59:00,0.303115598353,,,
2017-07-31 12:01:00,0.288503250253,,,
2017-07-31 12:03:00,0.273890902153,,,
2017-07-31 12:05:00,0.259278554052,,,
2017-07-31 12:07:00,0.244666205952,,,
2017-07-31 12:09:00,0.230053857852,,,
2017-07-31 12:11:00,0.215441509751,,,
2017-07-31 12:13:00,0.200829161651,,,
2017-07-31 12:15:00,0.186216813551,,,
2017-07-31 12:17:00,0.171604465451,,,
2017-07-31 12:19:00,0.15699211735,,,
2017-07-31 12:21:00,0.14237976925,,,
2017-07-31 12:23:00,0.12776742115,,,
2017-07-31 12:25:00,0.113155073049,,,
2017-07-31 12:27:00,0.098542724949,,,
2017-07-31 12:29:00,0.0839303768487,,,
2017-07-31 12:31:00,0.0693180287484,,,
2017-07-31 12:33:00,0.0547056806481,,,
2017-07-31 12:35:00,0.0400933325478,,,
2017-07-31 12:37:00,0.0254809844475,,,
2017-07-31 12:39:00,0.566694923376,,,
2017-07-31 12:41:00,0.529369956229,,,
2017-07-31 12:43:00,0.55945461203,,,
2017-07-31 12:45:00,0.58310302353,,,
2017-07-31 12:47:00,0.611339999858,,,
2017-07-31 12:49:00,0.620860119129,,,
2017-07-31 12:51:00,0.641138278374,,,
2017-07-31 12:53:00,0.654319504519,,,
2017-07-31 12:55:00,0.630081457568,,,
2017-07-31 12:57:00,0.408394868312,,,
2017-07-31 12:59:00,0.54163214711,,,
2017-07-31 13:01:00,0.566234307296,,,
2017-07-31 13:03:00,0.601116612967,,,
2017-07-31 13:05:00,0.602296573555,,,
2017-07-31 13:07:00,0.60204685855,,,
2017-07-31 13:09:00,0.661848943201,,,
2017-07-31 13:11:00,0.624166029667,,,
2017-07-31 13:13:00,0.643588376834,,,
2017-07-31 13:15:00,0.652737342964,,,
2017-07-31 13:17:00,0.675742262974,,,
2017-07-31 13:19:00,0.662206221951,,,
2017-07-31 13:21:00,0.640361890974,,,
2017-07-31 13:23:00,0.630106816752,,,
2017-07-31 13:25:00,0.639547479965,,,
2017-07-31 13:27:00,0.632351169307,,,
2017-07-31 13:29:00,0.607870185479,,,
2017-07-31 13:31:00,0.616643747028,,,
2017-07-31 13:33:00,0.63456228673,,,
2017-07-31 13:35:00,0.621844204731,,,
2017-07-31 13:37:00,0.618881172514,,,
2017-07-31 13:39:00,0.6048232961,,,
2017-07-31 13:41:00,0.598903062252,,,
2017-07-31 13:43:00,0.591492837221,,,
2017-07-31 13:45:00,0.578930452319,,,
2017-07-31 13:47:00,0.574014639133,,,
2017-07-31 13:49:00,0.55971974979,,,
2017-07-31 13:51:00,0.536027071782,,,
2017-07-31 13:53:00,0.537314880231,,,
2017-07-31 13:55:00,0.542492539511,,,
2017-07-31 13:57:00,0.499929963846,,,
2017-07-31 13:59:00,0.498443290282,,,
2017-07-31 14:01:00,0.518234782384,,,
2017-07-31 14:03:00,0.509954498014,,,
2017-07-31 14:05:00,0.507365635316,,,
2017-07-31 14:07:00,0.474818870377,,,
2017-07-31 14:09:00,0.488490170933,,,
2017-07-31 14:11:00,0.440485248652,,,
2017-07-31 14:13:00,0.40409342083,,,
2017-07-31 14:15:00,0.408988756594,,,
2017-07-31 14:17:00,0.416553783746,,,
2017-07-31 14:19:00,0.404746087033,,,
2017-07-31 14:21:00,0.389539697288,,,
2017-07-31 14:23:00,0.375962324613,,,
2017-07-31 14:25:00,0.365707505097,,,
2017-07-31 14:27:00,0.372503712766,,,
2017-07-31 14:29:00,0.360531739896,,,
2017-07-31 14:31:00,0.358817980269,,,
2017-07-31 14:33:00,0.366584466345,,,
2017-07-31 14:35:00,0.353390297374,,,
2017-07-31 14:37:00,0.384902893794,,,
2017-07-31 14:39:00,0.363136021418,,,
2017-07-31 14:41:00,0.362079887197,,,
2017-07-31 14:43:00,0.354049744202,,,
2017-07-31 14:45:00,0.356960171376,,,
2017-07-31 14:47:00,0.362470582863,,,
2017-07-31 14:49:00,0.346191317115,,,
2017-07-31 14:51:00,0.352297282033,,,
2017-07-31 14:53:00,0.346030923901,,,
2017-07-31 14:55:00,0.294075783848,,,
2017-07-31 14:57:00,0.341519068183,,,
2017-07-31 14:59:00,0.314002494611,,,
2017-07-31 15:01:00,0.316654552777,,,
2017-07-31 15:03:00,0.311043570594,,,
2017-07-31 15:05:00,0.31510065122,,,
2017-07-31 15:07:00,0.31254982416,,,
2017-07-31 15:09:00,0.295599121042,,,
2017-07-31 15:11:00,0.296041497624,,,
2017-07-31 15:13:00,0.291020978293,,,
2017-07-31 15:15:00,0.296038224353,,,
2017-07-31 15:17:00,0.300185371479,,,
2017-07-31 15:19:00,0.307615342114,,,
2017-07-31 15:21:00,0.301169477603,,,
2017-07-31 15:23:00,0.272894099735,,,
2017-07-31 15:25:00,0.281446339947,,,
2017-07-31 15:27:00,0.287366578431,,,
2017-07-31 15:29:00,0.265329175716,,,
2017-07-31 15:31:00,0.291033318285,,,
2017-07-31 15:33:00,0.274014566291,,,
2017-07-31 15:35:00,0.283289179089,,,
2017-07-31 15:37:00,0.269398058914,,,
2017-07-31 15:39:00,0.271305289612,,,
2017-07-31 15:41:00,0.259381816529,,,
2017-07-31 15:43:00,0.251948609337,,,
2017-07-31 15:45:00,0.280035387595,,,
2017-07-31 15:47:00,0.263360313266,,,
2017-07-31 15:49:00,0.245314463347,,,
2017-07-31 15:51:00,0.25885972524,,,
2017-07-31 15:53:00,0.246975527882,,,
2017-07-31 15:55:00,0.284496266238,,,
2017-07-31 15:57:00,0.266156708718,,,
2017-07-31 15:59:00,0.286269667306,,,
2017-07-31 16:01:00,0.289930012698,,,
2017-07-31 16:03:00,0.289548078757,,,
2017-07-31 16:05:00,0.267762108826,,,
2017-07-31 16:07:00,0.273994608222,,,
2017-07-31 16:09:00,0.282589251276,,,
2017-07-31 16:11:00,0.306316544258,,,
2017-07-31 16:13:00,0.277674111506,,,
2017-07-31 16:15:00,0.270555423961,,,
2017-07-31 16:17:00,0.289170528805,,,
2017-07-31 16:19:00,0.287667570466,,,
2017-07-31 16:21:00,0.283549607454,,,
2017-07-31 16:23:00,0.313378386223,,,
2017-07-31 16:25:00,0.288840484619,,,
2017-07-31 16:27:00,0.290634773381,,,
2017-07-31 16:29:00,0.288157436483,,,
2017-07-31 16:31:00,0.309073604141,,,
2017-07-31 16:33:00,0.307196615824,,,
2017-07-31 16:35:00,0.30432675014,,,
2017-07-31 16:37:00,0.322279114597,,,
2017-07-31 16:39:00,0.323249982427,,,
2017-07-31 16:41:00,0.357774759187,,,
2017-07-31 16:43:00,0.378597197514,,,
2017-07-31 16:45:00,0.373913696264,,,
2017-07-31 16:47:00,0.382660384681,,,
2017-07-31 16:49:00,0.411691351162,,,
2017-07-31 16:51:00,0.439908645299,,,
2017-07-31 16:53:00,0.446088820201,,,
2017-07-31 16:55:00,0.473036739102,,,
2017-07-31 16:57:00,0.478042343944,,,
2017-07-31 16:59:00,0.480593494606,,,
2017-07-31 17:01:00,0.505295805564,,,
2017-07-31 17:03:00,0.521494333289,,,
2017-07-31 17:05:00,0.526487732436,,,
2017-07-31 17:07:00,0.546680759024,,,
2017-07-31 17:09:00,0.534228831853,,,
2017-07-31 17:11:00,0.544533018265,,,
2017-07-31 17:13:00,0.590223366814,,,
2017-07-31 17:15:00,0.577063210293,,,
2017-07-31 17:17:00,0.579543264131,,,
2017-07-31 17:19:00,0.584695597557,,,
2017-07-31 17:21:00,0.606228141099,,,
2017-07-31 17:23:00,0.611864733311,,,
2017-07-31 17:25:00,0.622754435571,,,
2017-07-31 17:27:00,0.623412845306,,,
2017-07-31 17:29:00,0.616758478119,,,
2017-07-31 17:31:00,0.677818625508,,,
2017-07-31 17:33:00,0.657579064213,,,
2017-07-31 17:35:00,0.673173300405,,,
2017-07-31 17:37:00,0.697889144109,,,
2017-07-31 17:39:00,0.695334131455,,,
2017-07-31 17:41:00,0.711311585637,,,
2017-07-31 17:43:00,0.696519681571,,,
2017-07-31 17:45:00,0.738030018674,,,
2017-07-31 17:47:00,0.70629497615,,,
2017-07-31 17:49:00,0.706532295326,,,
2017-07-31 17:51:00,0.725046401148,,,
2017-07-31 17:53:00,0.70923629837,,,
2017-07-31 17:55:00,0.716643600109,,,
2017-07-31 17:57:00,0.701216329607,,,
2017-07-31 17:59:00,0.718891899765,,,
2017-07-31 18:01:00,0.706636987447,,,
2017-07-31 18:03:00,0.714724141728,,,
2017-07-31 18:05:00,0.680643104423,,,
2017-07-31 18:07:00,0.687503909809,,,
2017-07-31 18:09:00,0.676284867567,,,
2017-07-31 18:11:00,0.678999346059,,,
2017-07-31 18:13:00,0.680335856621,,,
2017-07-31 18:15:00,0.644358850619,,,
2017-07-31 18:17:00,0.661210197571,,,
2017-07-31 18:19:00,0.644749693184,,,
2017-07-31 18:21:00,0.664296524866,,,
2017-07-31 18:23:00,0.63417617695,,,
2017-07-31 18:25:00,0.60772570109,,,
2017-07-31 18:27:00,0.619090471428,,,
2017-07-31 18:29:00,0.580667334557,,,
2017-07-31 18:31:00,0.605309004891,,,
2017-07-31 18:33:00,0.581619773135,,,
2017-07-31 18:35:00,0.580357100079,,,
2017-07-31 18:37:00,0.569607879908,,,
2017-07-31 18:39:00,0.579440546795,,,
2017-07-31 18:41:00,0.58143801131,,,
2017-07-31 18:43:00,0.572233519598,,,
2017-07-31 18:45:00,0.543634937723,,,
2017-07-31 18:47:00,0.541067356074,,,
2017-07-31 18:49:00,0.558543680275,,,
2017-07-31 18:51:00,0.569354446276,,,
2017-07-31 18:53:00,0.567259770302,,,
2017-07-31 18:55:00,0.559608828948,,,
2017-07-31 18:57:00,0.565973203524,,,
2017-07-31 18:59:00,0.557343161947,,,
2017-07-31 19:01:00,0.561085639108,,,
2017-07-31 19:03:00,0.558854337838,,,
2017-07-31 19:05:00,0.561322466401,,,
2017-07-31 19:07:00,0.573616442929,,,
2017-07-31 19:09:00,0.587433351493,,,
2017-07-31 19:11:00,0.559156656122,,,
2017-07-31 19:13:00,0.614930833776,,,
2017-07-31 19:15:00,0.56797577203,,,
2017-07-31 19:17:00,0.585311944801,,,
2017-07-31 19:19:00,0.59473035244,,,
2017-07-31 19:21:00,0.588552090926,,,
2017-07-31 19:23:00,0.587766269911,,,
2017-07-31 19:25:00,0.585409239399,,,
2017-07-31 19:27:00,0.58247050948,,,
2017-07-31 19:29:00,0.596959227056,,,
2017-07-31 19:31:00,0.615111976059,,,
2017-07-31 19:33:00,0.599085484232,,,
2017-07-31 19:35:00,0.591705249683,,,
2017-07-31 19:37:00,0.598326341766,,,
2017-07-31 19:39:00,0.619076382206,,,
2017-07-31 19:41:00,0.643425213366,,,
2017-07-31 19:43:00,0.63412326729,,,
2017-07-31 19:45:00,0.610396395702,,,
2017-07-31 19:47:00,0.577056076509,,,
2017-07-31 19:49:00,0.59401445768,,,
2017-07-31 19:51:00,0.534744481081,,,
2017-07-31 19:53:00,0.527708290934,,,
2017-07-31 19:55:00,0.521604008209,,,
2017-07-31 19:57:00,0.502383065609,,,
2017-07-31 19:59:00,0.507507853937,,,
2017-07-31 20:01:00,0.490639205935,,,
2017-07-31 20:03:00,0.471073398614,,,
2017-07-31 20:05:00,0.472745007112,,,
2017-07-31 20:07:00,0.484387428671,,,
2017-07-31 20:09:00,0.515864906247,,,
2017-07-31 20:11:00,0.524535110245,,,
2017-07-31 20:13:00,0.537259630475,,,
2017-07-31 20:15:00,0.547626782491,,,
2017-07-31 20:17:00,0.553206869031,,,
2017-07-31 20:19:00,0.597953588468,,,
2017-07-31 20:21:00,0.608617202884,,,
2017-07-31 20:23:00,0.58710913317,,,
2017-07-31 20:25:00,0.607202081953,,,
2017-07-31 20:27:00,0.634864894753,,,
2017-07-31 20:29:00,0.636984378492,,,
2017-07-31 20:31:00,0.662049311515,,,
2017-07-31 20:33:00,0.666402131134,,,
2017-07-31 20:35:00,0.705771641509,,,
2017-07-31 20:37:00,0.680358738059,,,
2017-07-31 20:39:00,0.715620574811,,,
2017-07-31 20:41:00,0.691652734725,,,
2017-07-31 20:43:00,0.716603175265,,,
2017-07-31 20:45:00,0.698973235511,,,
2017-07-31 20:47:00,0.69427091661,,,
2017-07-31 20:49:00,0.698519725577,,,
2017-07-31 20:51:00,0.710637168585,,,
2017-07-31 20:53:00,0.702603130921,,,
2017-07-31 20:55:00,0.741285093421,,,
2017-07-31 20:57:00,0.722891345649,,,
2017-07-31 20:59:00,0.707027729931,,,
2017-07-31 21:01:00,0.714302910915,,,
2017-07-31 21:03:00,0.71615840706,,,
2017-07-31 21:05:00,0.695191332836,,,
2017-07-31 21:07:00,0.692713013189,,,
2017-07-31 21:09:00,0.682898860286,,,
2017-07-31 21:11:00,0.693569514719,,,
2017-07-31 21:13:00,0.718574708704,,,
2017-07-31 21:15:00,0.723553082772,,,
2017-07-31 21:17:00,0.695656900184,,,
2017-07-31 21:19:00,0.720977252615,,,
2017-07-31 21:21:00,0.673555455678,,,
2017-07-31 21:23:00,0.680270319091,,,
2017-07-31 21:25:00,0.683048490491,,,
2017-07-31 21:27:00,0.673483713143,,,
2017-07-31 21:29:00,0.667174905474,,,
2017-07-31 21:31:00,0.646186205458,,,
2017-07-31 21:33:00,0.650793031168,,,
2017-07-31 21:35:00,0.625538989624,,,
2017-07-31 21:37:00,0.616568993688,,,
2017-07-31 21:39:00,0.616470242511,,,
2017-07-31 21:41:00,0.631241427425,,,
2017-07-31 21:43:00,0.638957194524,,,
2017-07-31 21:45:00,0.594166133531,,,
2017-07-31 21:47:00,0.602884722954,,,
2017-07-31 21:49:00,0.589978267421,,,
2017-07-31 21:51:00,0.585200981258,,,
2017-07-31 21:53:00,0.55951991383,,,
2017-07-31 21:55:00,0.576454867945,,,
2017-07-31 21:57:00,0.540875477036,,,
2017-07-31 21:59:00,0.531784196813,,,
2017-07-31 22:01:00,0.518284957047,,,
2017-07-31 22:03:00,0.496084906197,,,
2017-07-31 22:05:00,0.502019561969,,,
2017-07-31 22:07:00,0.483133201667,,,
2017-07-31 22:09:00,0.480034653078,,,
2017-07-31 22:11:00,0.460938296407,,,
2017-07-31 22:13:00,0.453767503888,,,
2017-07-31 22:15:00,0.443124457924,,,
2017-07-31 22:17:00,0.417981195895,,,
2017-07-31 22:19:00,0.42916367473,,,
2017-07-31 22:21:00,0.420202734242,,,
2017-07-31 22:23:00,0.398417978269,,,
2017-07-31 22:25:00,0.386384812051,,,
2017-07-31 22:27:00,0.36441935656,,,
2017-07-31 22:29:00,0.379825330757,,,
2017-07-31 22:31:00,0.389896592789,,,
2017-07-31 22:33:00,0.388793774472,,,
2017-07-31 22:35:00,0.355709054933,,,
2017-07-31 22:37:00,0.388912713619,,,
2017-07-31 22:39:00,0.359194117878,,,
2017-07-31 22:41:00,0.36164376799,,,
2017-07-31 22:43:00,0.367570047595,,,
2017-07-31 22:45:00,0.363177505098,,,
2017-07-31 22:47:00,0.367533552882,,,
2017-07-31 22:49:00,0.359223215499,,,
2017-07-31 22:51:00,0.35070221246,,,
2017-07-31 22:53:00,0.368181190297,,,
2017-07-31 22:55:00,0.342893158825,,,
2017-07-31 22:57:00,0.361839290034,,,
2017-07-31 22:59:00,0.331648406233,,,
2017-07-31 23:01:00,0.359738111067,,,
2017-07-31 23:03:00,0.364274644822,,,
2017-07-31 23:05:00,0.329758514928,,,
2017-07-31 23:07:00,0.347763613055,,,
2017-07-31 23:09:00,0.326629406082,,,
2017-07-31 23:11:00,0.337755759651,,,
2017-07-31 23:13:00,0.315784294402,,,
2017-07-31 23:15:00,0.31270124782,,,
2017-07-31 23:17:00,0.324614167294,,,
2017-07-31 23:19:00,0.322548330161,,,
2017-07-31 23:21:00,0.323766197601,,,
2017-07-31 23:23:00,0.307323814538,,,
2017-07-31 23:25:00,0.297847955859,,,
2017-07-31 23:27:00,0.3011579646,,,
2017-07-31 23:29:00,0.307595016963,,,
2017-07-31 23:31:00,0.306884249301,,,
2017-07-31 23:33:00,0.288559722882,,,
2017-07-31 23:35:00,0.269677722505,,,
2017-07-31 23:37:00,0.287837143786,,,
2017-07-31 23:39:00,0.287398435794,,,
2017-07-31 23:41:00,0.270558271177,,,
2017-07-31 23:43:00,0.30201638698,,,
2017-07-31 23:45:00,0.259029260209,,,
2017-07-31 23:47:00,0.281144124893,,,
2017-07-31 23:49:00,0.292349335782,,,
2017-07-31 23:51:00,0.277782403576,,,
2017-07-31 23:53:00,0.290026818453,,,
2017-07-31 23:55:00,0.271769983594,,,
2017-07-31 23:57:00,0.289768347388,,,
2017-07-31 23:59:00,0.276134707881,,,
2017-08-01 00:01:00,0.286033332255,,,
2017-08-01 00:03:00,0.306601595522,,,
2017-08-01 00:05:00,0.272453457319,,,
2017-08-01 00:07:00,0.299520912582,,,
2017-08-01 00:09:00,0.296080307194,,,
2017-08-01 00:11:00,0.297331781056,,,
2017-08-01 00:13:00,0.294243987504,,,
2017-08-01 00:15:00,0.292434084507,,,
2017-08-01 00:17:00,0.273247321339,,,
2017-08-01 00:19:00,0.306692398387,,,
2017-08-01 00:21:00,0.333086041566,,,
2017-08-01 00:23:00,0.299741371664,,,
2017-08-01 00:25:00,0.28606797919,,,
2017-08-01 00:27:00,0.285278856568,,,
2017-08-01 00:29:00,0.293937010583,,,
2017-08-01 00:31:00,0.300241344611,,,
2017-08-01 00:33:00,0.294049640296,,,
2017-08-01 00:35:00,0.301299507518,,,
2017-08-01 00:37:00,0.313999723358,,,
2017-08-01 00:39:00,0.319015653332,,,
2017-08-01 00:41:00,0.333262338969,,,
2017-08-01 00:43:00,0.352134877046,,,
2017-08-01 00:45:00,0.36561886567,,,
2017-08-01 00:47:00,0.364830194961,,,
2017-08-01 00:49:00,0.378622275293,,,
2017-08-01 00:51:00,0.413649163839,,,
2017-08-01 00:53:00,0.412483725619,,,
2017-08-01 00:55:00,0.409357246802,,,
2017-08-01 00:57:00,0.417141757912,,,
2017-08-01 00:59:00,0.450872411366,,,
2017-08-01 01:01:00,0.456056879322,,,
2017-08-01 01:03:00,0.473789629438,,,
2017-08-01 01:05:00,0.497101120294,,,
2017-08-01 01:07:00,0.478574541175,,,
2017-08-01 01:09:00,0.510512099434,,,
2017-08-01 01:11:00,0.523814466721,,,
2017-08-01 01:13:00,0.555914510944,,,
2017-08-01 01:15:00,0.534054959363,,,
2017-08-01 01:17:00,0.529443111664,,,
2017-08-01 01:19:00,0.562162169023,,,
2017-08-01 01:21:00,0.558392543927,,,
2017-08-01 01:23:00,0.554271045828,,,
2017-08-01 01:25:00,0.566998131891,,,
2017-08-01 01:27:00,0.588447017251,,,
2017-08-01 01:29:00,0.578261230507,,,
2017-08-01 01:31:00,0.616126254745,,,
2017-08-01 01:33:00,0.63856395063,,,
2017-08-01 01:35:00,0.614765112294,,,
2017-08-01 01:37:00,0.645166132911,,,
2017-08-01 01:39:00,0.647928774229,,,
2017-08-01 01:41:00,0.63859933348,,,
2017-08-01 01:43:00,0.648998172685,,,
2017-08-01 01:45:00,0.641064227608,,,
2017-08-01 01:47:00,0.65306983238,,,
2017-08-01 01:49:00,0.667688239123,,,
2017-08-01 01:51:00,0.655070447797,,,
2017-08-01 01:53:00,0.644555794288,,,
2017-08-01 01:55:00,0.673328860759,,,
2017-08-01 01:57:00,0.645528370587,,,
2017-08-01 01:59:00,0.646182330658,,,
2017-08-01 02:01:00,0.656051174634,,,
2017-08-01 02:03:00,0.628045890071,,,
2017-08-01 02:05:00,0.636656168444,,,
2017-08-01 02:07:00,0.621409433405,,,
2017-08-01 02:09:00,0.609791127755,,,
2017-08-01 02:11:00,0.628498990466,,,
2017-08-01 02:13:00,0.612608718068,,,
2017-08-01 02:15:00,0.608320841322,,,
2017-08-01 02:17:00,0.588661861593,,,
2017-08-01 02:19:00,0.585486715655,,,
2017-08-01 02:21:00,0.586796006171,,,
2017-08-01 02:23:00,0.575900610558,,,
2017-08-01 02:25:00,0.578406560527,,,
2017-08-01 02:27:00,0.548208418026,,,
2017-08-01 02:29:00,0.56171531473,,,
2017-08-01 02:31:00,0.54473231564,,,
2017-08-01 02:33:00,0.574066413927,,,
2017-08-01 02:35:00,0.570093316459,,,
2017-08-01 02:37:00,0.539170242112,,,
2017-08-01 02:39:00,0.539389270918,,,
2017-08-01 02:41:00,0.533226998985,,,
2017-08-01 02:43:00,0.538083732358,,,
2017-08-01 02:45:00,0.485617122597,,,
2017-08-01 02:47:00,0.501169965764,,,
2017-08-01 02:49:00,0.513615664727,,,
2017-08-01 02:51:00,0.510139653764,,,
2017-08-01 02:53:00,0.528100628497,,,
2017-08-01 02:55:00,0.491920995675,,,
2017-08-01 02:57:00,0.516817429864,,,
2017-08-01 02:59:00,0.50554203936,,,
2017-08-01 03:01:00,0.54302096787,,,
2017-08-01 03:03:00,0.53026258765,,,
2017-08-01 03:05:00,0.508910207288,,,
2017-08-01 03:07:00,0.506854877014,,,
2017-08-01 03:09:00,0.552789914398,,,
2017-08-01 03:11:00,0.529384744373,,,
2017-08-01 03:13:00,0.540719309115,,,
2017-08-01 03:15:00,0.54764359647,,,
2017-08-01 03:17:00,0.525936376892,,,
2017-08-01 03:19:00,0.555594547384,,,
2017-08-01 03:21:00,0.549848287075,,,
2017-08-01 03:23:00,0.540892646476,,,
2017-08-01 03:25:00,0.533437676688,,,
2017-08-01 03:27:00,0.535826035804,,,
2017-08-01 03:29:00,0.536941449535,,,
2017-08-01 03:31:00,0.533250026929,,,
2017-08-01 03:33:00,0.560469479111,,,
2017-08-01 03:35:00,0.536106453309,,,
2017-08-01 03:37:00,0.54117460608,,,
2017-08-01 03:39:00,0.561809178053,,,
2017-08-01 03:41:00,0.578055590688,,,
2017-08-01 03:43:00,0.56112187567,,,
2017-08-01 03:45:00,0.534474410637,,,
2017-08-01 03:47:00,0.544212615334,,,
2017-08-01 03:49:00,0.508306100867,,,
2017-08-01 03:51:00,0.496903384549,,,
2017-08-01 03:53:00,0.45152526776,,,
2017-08-01 03:55:00,0.458886688693,,,
2017-08-01 03:57:00,0.452668385527,,,
2017-08-01 03:59:00,0.47211532825,,,
2017-08-01 04:01:00,0.426617075584,,,
2017-08-01 04:03:00,0.457093839883,,,
2017-08-01 04:05:00,0.457776145564,,,
2017-08-01 04:07:00,0.442116374227,,,
2017-08-01 04:09:00,0.483006634776,,,
2017-08-01 04:11:00,0.499047394196,,,
2017-08-01 04:13:00,0.485407946242,,,
2017-08-01 04:15:00,0.518527099524,,,
2017-08-01 04:17:00,0.518582739936,,,
2017-08-01 04:19:00,0.546410499538,,,
2017-08-01 04:21:00,0.56722487366,,,
2017-08-01 04:23:00,0.544823888721,,,
2017-08-01 04:25:00,0.572687998106,,,
2017-08-01 04:27:00,0.587231686606,,,
2017-08-01 04:29:00,0.6166993132,,,
2017-08-01 04:31:00,0.62638629421,,,
2017-08-01 04:33:00,0.638963638568,,,
2017-08-01 04:35:00,0.649613990204,,,
2017-08-01 04:37:00,0.653149634403,,,
2017-08-01 04:39:00,0.669509974015,,,
2017-08-01 04:41:00,0.691423348535,,,
2017-08-01 04:43:00,0.658333799384,,,
2017-08-01 04:45:00,0.658714976941,,,
2017-08-01 04:47:00,0.689974193824,,,
2017-08-01 04:49:00,0.670002108228,,,
2017-08-01 04:51:00,0.670921105132,,,
2017-08-01 04:53:00,0.669899976733,,,
2017-08-01 04:55:00,0.685270359544,,,
2017-08-01 04:57:00,0.670683918137,,,
2017-08-01 04:59:00,0.665982433064,,,
2017-08-01 05:01:00,0.687084645889,,,
2017-08-01 05:03:00,0.684996557292,,,
2017-08-01 05:05:00,0.683387878498,,,
2017-08-01 05:07:00,0.68241115677,,,
2017-08-01 05:09:00,0.69340005502,,,
2017-08-01 05:11:00,0.681443428039,,,
2017-08-01 05:13:00,0.680855372882,,,
2017-08-01 05:15:00,0.675925753808,,,
2017-08-01 05:17:00,0.680604533715,,,
2017-08-01 05:19:00,0.677112527566,,,
2017-08-01 05:21:00,0.682989959413,,,
2017-08-01 05:23:00,0.668218519911,,,
2017-08-01 05:25:00,0.655992931145,,,
2017-08-01 05:27:00,0.647865068875,,,
2017-08-01 05:29:00,0.66004787509,,,
2017-08-01 05:31:00,0.62799881299,,,
2017-08-01 05:33:00,0.639737718573,,,
2017-08-01 05:35:00,0.634631681358,,,
2017-08-01 05:37:00,0.616499658666,,,
2017-08-01 05:39:00,0.5838788536,,,
2017-08-01 05:41:00,0.586983281438,,,
2017-08-01 05:43:00,0.56407849672,,,
2017-08-01 05:45:00,0.53861613438,,,
2017-08-01 05:47:00,0.540466796494,,,
2017-08-01 05:49:00,0.551153092261,,,
2017-08-01 05:51:00,0.537703817717,,,
2017-08-01 05:53:00,0.518568966973,,,
2017-08-01 05:55:00,0.523221728709,,,
2017-08-01 05:57:00,0.516963448789,,,
2017-08-01 05:59:00,0.483297336591,,,
2017-08-01 06:01:00,0.467131435095,,,
2017-08-01 06:03:00,0.455112024963,,,
2017-08-01 06:05:00,0.454381164296,,,
2017-08-01 06:07:00,0.415782939036,,,
2017-08-01 06:09:00,0.413027288195,,,
2017-08-01 06:11:00,0.389992027405,,,
2017-08-01 06:13:00,0.369575849212,,,
2017-08-01 06:15:00,0.388020162289,,,
2017-08-01 06:17:00,0.371212851649,,,
2017-08-01 06:19:00,0.358989348042,,,
2017-08-01 06:21:00,0.356522269271,,,
2017-08-01 06:23:00,0.366281005826,,,
2017-08-01 06:25:00,0.321339213611,,,
2017-08-01 06:27:00,0.314703460601,,,
2017-08-01 06:29:00,0.304274881409,,,
2017-08-01 06:31:00,0.321060708763,,,
2017-08-01 06:33:00,0.317557221125,,,
2017-08-01 06:35:00,0.346569716696,,,
2017-08-01 06:37:00,0.322481859318,,,
2017-08-01 06:39:00,0.339130042048,,,
2017-08-01 06:41:00,0.338749088655,,,
2017-08-01 06:43:00,0.36312921478,,,
2017-08-01 06:45:00,0.334044237367,,,
2017-08-01 06:47:00,0.301047538729,,,
2017-08-01 06:49:00,0.313908696613,,,
2017-08-01 06:51:00,0.337233056351,,,
2017-08-01 06:53:00,0.327526818355,,,
2017-08-01 06:55:00,0.305880579352,,,
2017-08-01 06:57:00,0.322366666668,,,
2017-08-01 06:59:00,0.325263298029,,,
2017-08-01 07:01:00,0.298498177911,,,
2017-08-01 07:03:00,0.301228966479,,,
2017-08-01 07:05:00,0.295768383533,,,
2017-08-01 07:07:00,0.290322246695,,,
2017-08-01 07:09:00,0.271869332112,,,
2017-08-01 07:11:00,0.302672615821,,,
2017-08-01 07:13:00,0.284192806783,,,
2017-08-01 07:15:00,0.281405736044,,,
2017-08-01 07:17:00,0.277624170107,,,
2017-08-01 07:19:00,0.290927731747,,,
2017-08-01 07:21:00,0.282548187484,,,
2017-08-01 07:23:00,0.264671292883,,,
2017-08-01 07:25:00,0.252817780014,,,
2017-08-01 07:27:00,0.265740799386,,,
2017-08-01 07:29:00,0.259221003094,,,
2017-08-01 07:31:00,0.261419939529,,,
2017-08-01 07:33:00,0.258431848021,,,
2017-08-01 07:35:00,0.275606401585,,,
2017-08-01 07:37:00,0.247048457118,,,
2017-08-01 07:39:00,0.24416639044,,,
2017-08-01 07:41:00,0.257886351274,,,
2017-08-01 07:43:00,0.24740026595,,,
2017-08-01 07:45:00,0.259318998215,,,
2017-08-01 07:47:00,0.262682913855,,,
2017-08-01 07:49:00,0.282495307234,,,
2017-08-01 07:51:00,0.248106722961,,,
2017-08-01 07:53:00,0.250231040952,,,
2017-08-01 07:55:00,0.28021761977,,,
2017-08-01 07:57:00,0.27828154035,,,
2017-08-01 07:59:00,0.275984352994,,,
2017-08-01 08:01:00,0.283993771239,,,
2017-08-01 08:03:00,0.289219772478,,,
2017-08-01 08:05:00,0.272277704476,,,
2017-08-01 08:07:00,0.275490390582,,,
2017-08-01 08:09:00,0.300562641666,,,
2017-08-01 08:11:00,0.297995573813,,,
2017-08-01 08:13:00,0.279347272151,,,
2017-08-01 08:15:00,0.280444773223,,,
2017-08-01 08:17:00,0.296044788491,,,
2017-08-01 08:19:00,0.281744781085,,,
2017-08-01 08:21:00,0.280244300777,,,
2017-08-01 08:23:00,0.313977840425,,,
2017-08-01 08:25:00,0.301610864379,,,
2017-08-01 08:27:00,0.310431567559,,,
2017-08-01 08:29:00,0.294209419252,,,
2017-08-01 08:31:00,0.324303709008,,,
2017-08-01 08:33:00,0.309156747518,,,
2017-08-01 08:35:00,0.297638458316,,,
2017-08-01 08:37:00,0.324553075363,,,
2017-08-01 08:39:00,0.343770416791,,,
2017-08-01 08:41:00,0.348809941624,,,
2017-08-01 08:43:00,0.373842175802,,,
2017-08-01 08:45:00,0.412315586122,,,
2017-08-01 08:47:00,0.396831580743,,,
2017-08-01 08:49:00,0.403190333797,,,
2017-08-01 08:51:00,0.404473108686,,,
2017-08-01 08:53:00,0.442252059061,,,
2017-08-01 08:55:00,0.458619711942,,,
2017-08-01 08:57:00,0.451555090316,,,
2017-08-01 08:59:00,0.46844941858,,,
2017-08-01 09:01:00,0.47066959203,,,
2017-08-01 09:03:00,0.509082270809,,,
2017-08-01 09:05:00,0.508947659224,,,
2017-08-01 09:07:00,0.505533270281,,,
2017-08-01 09:09:00,0.541940771847,,,
2017-08-01 09:11:00,0.558214281014,,,
2017-08-01 09:13:00,0.569084239386,,,
2017-08-01 09:15:00,0.562535706093,,,
2017-08-01 09:17:00,0.558578789673,,,
2017-08-01 09:19:00,0.572213183248,,,
2017-08-01 09:21:00,0.598044875465,,,
2017-08-01 09:23:00,0.600195948262,,,
2017-08-01 09:25:00,0.604801464317,,,
2017-08-01 09:27:00,0.607866048052,,,
2017-08-01 09:29:00,0.615960382637,,,
2017-08-01 09:31:00,0.630126386431,,,
2017-08-01 09:33:00,0.633995398795,,,
2017-08-01 09:35:00,0.634624389977,,,
2017-08-01 09:37:00,0.665203658616,,,
2017-08-01 09:39:00,0.666806614969,,,
2017-08-01 09:41:00,0.673254764449,,,
2017-08-01 09:43:00,0.682040921852,,,
2017-08-01 09:45:00,0.688710089438,,,
2017-08-01 09:47:00,0.679061875198,,,
2017-08-01 09:49:00,0.665783569002,,,
2017-08-01 09:51:00,0.703056642887,,,
2017-08-01 09:53:00,0.727201533719,,,
2017-08-01 09:55:00,0.675758880856,,,
2017-08-01 09:57:00,0.686855723012,,,
2017-08-01 09:59:00,0.673706107751,,,
2017-08-01 10:01:00,0.680641613772,,,
2017-08-01 10:03:00,0.660691698167,,,
2017-08-01 10:05:00,0.655700939688,,,
2017-08-01 10:07:00,0.64649946584,,,
2017-08-01 10:09:00,0.663199133646,,,
2017-08-01 10:11:00,0.642380054473,,,
2017-08-01 10:13:00,0.639390753748,,,
2017-08-01 10:15:00,0.642439761828,,,
2017-08-01 10:17:00,0.611814253982,,,
2017-08-01 10:19:00,0.605304167793,,,
2017-08-01 10:21:00,0.597989808813,,,
2017-08-01 10:23:00,0.600424695833,,,
2017-08-01 10:25:00,0.600938077237,,,
2017-08-01 10:27:00,0.592965326884,,,
2017-08-01 10:29:00,0.580804987278,,,
2017-08-01 10:31:00,0.582056716196,,,
2017-08-01 10:33:00,0.569405706661,,,
2017-08-01 10:35:00,0.575414623043,,,
2017-08-01 10:37:00,0.547073035265,,,
2017-08-01 10:39:00,0.548239959892,,,
2017-08-01 10:41:00,0.55377671775,,,
2017-08-01 10:43:00,0.562480879561,,,
2017-08-01 10:45:00,0.528339037657,,,
2017-08-01 10:47:00,0.545320725954,,,
2017-08-01 10:49:00,0.544876034245,,,
2017-08-01 10:51:00,0.553508366002,,,
2017-08-01 10:53:00,0.530809019291,,,
2017-08-01 10:55:00,0.561541661273,,,
2017-08-01 10:57:00,0.531187658938,,,
2017-08-01 10:59:00,0.539546626109,,,
2017-08-01 11:01:00,0.543621941438,,,
2017-08-01 11:03:00,0.526733715262,,,
2017-08-01 11:05:00,0.549189908121,,,
2017-08-01 11:07:00,0.565197785323,,,
2017-08-01 11:09:00,0.556620729625,,,
2017-08-01 11:11:00,0.561028626055,,,
2017-08-01 11:13:00,0.559378354035,,,
2017-08-01 11:15:00,0.542675046779,,,
2017-08-01 11:17:00,0.577319535528,,,
2017-08-01 11:19:00,0.564161158172,,,
2017-08-01 11:21:00,0.570389773245,,,
2017-08-01 11:23:00,0.584176433248,,,
2017-08-01 11:25:00,0.608801439172,,,
2017-08-01 11:27:00,0.562976691944,,,
2017-08-01 11:29:00,0.569844441107,,,
2017-08-01 11:31:00,0.554672308122,,,
2017-08-01 11:33:00,0.588442515782,,,
2017-08-01 11:35:00,0.585114290551,,,
2017-08-01 11:37:00,0.609572946348,,,
2017-08-01 11:39:00,0.621915503734,,,
2017-08-01 11:41:00,0.597614639069,,,
2017-08-01 11:43:00,0.577012409829,,,
2017-08-01 11:45:00,0.615011072089,,,
2017-08-01 11:47:00,0.576818248631,,,
2017-08-01 11:49:00,0.55757751405,,,
2017-08-01 11:51:00,0.532098226138,,,
2017-08-01 11:53:00,0.525629249087,,,
2017-08-01 11:55:00,0.504296837683,,,
2017-08-01 11:57:00,0.488021640234,,,
2017-08-01 11:59:00,0.470536361596,,,
2017-08-01 12:01:00,0.483780572611,,,
2017-08-01 12:03:00,0.478253153956,,,
2017-08-01 12:05:00,0.45673952122,,,
2017-08-01 12:07:00,0.462410114549,,,
2017-08-01 12:09:00,0.490902609781,,,
2017-08-01 12:11:00,0.529489243654,,,
2017-08-01 12:13:00,0.547284638411,,,
2017-08-01 12:15:00,0.55477554049,,,
2017-08-01 12:17:00,0.588046597787,,,
2017-08-01 12:19:00,0.5874038032,,,
2017-08-01 12:21:00,0.577392625613,,,
2017-08-01 12:23:00,0.605874782992,,,
2017-08-01 12:25:00,0.632898564634,,,
2017-08-01 12:27:00,0.665061199876,,,
2017-08-01 12:29:00,0.678449506654,,,
2017-08-01 12:31:00,0.696183019791,,,
2017-08-01 12:33:00,0.711262425131,,,
2017-08-01 12:35:00,0.71167434227,,,
2017-08-01 12:37:00,0.733381357469,,,
2017-08-01 12:39:00,0.729956032978,,,
2017-08-01 12:41:00,0.719069388061,,,
2017-08-01 12:43:00,0.735688080175,,,
2017-08-01 12:45:00,0.728339559771,,,
2017-08-01 12:47:00,0.740004407549,,,
2017-08-01 12:49:00,0.755542639538,,,
2017-08-01 12:51:00,0.748118666612,,,
2017-08-01 12:53:00,0.726636684779,,,
2017-08-01 12:55:00,0.731392789637,,,
2017-08-01 12:57:00,0.846735557003,,,
2017-08-01 12:59:00,0.70649102548,,,
2017-08-01 13:01:00,0.717517328706,,,
2017-08-01 13:03:00,0.725011387744,,,
2017-08-01 13:05:00,0.738625058026,,,
2017-08-01 13:07:00,0.715934276167,,,
2017-08-01 13:09:00,0.723929886179,,,
2017-08-01 13:11:00,0.753218854299,,,
2017-08-01 13:13:00,0.732249617375,,,
2017-08-01 13:15:00,0.726647206397,,,
2017-08-01 13:17:00,0.726267022426,,,
2017-08-01 13:19:00,0.737226052347,,,
2017-08-01 13:21:00,0.713580737585,,,
2017-08-01 13:23:00,0.710421808574,,,
2017-08-01 13:25:00,0.71663810609,,,
2017-08-01 13:27:00,0.699741761311,,,
2017-08-01 13:29:00,0.687589467104,,,
2017-08-01 13:31:00,0.656335459384,,,
2017-08-01 13:33:00,0.668796915568,,,
2017-08-01 13:35:00,0.654049387715,,,
2017-08-01 13:37:00,0.67036679056,,,
2017-08-01 13:39:00,0.657607191912,,,
2017-08-01 13:41:00,0.616159131055,,,
2017-08-01 13:43:00,0.61950544593,,,
2017-08-01 13:45:00,0.587133492318,,,
2017-08-01 13:47:00,0.572283802627,,,
2017-08-01 13:49:00,0.576491258908,,,
2017-08-01 13:51:00,0.548412020751,,,
2017-08-01 13:53:00,0.549269925309,,,
2017-08-01 13:55:00,0.536335017622,,,
2017-08-01 13:57:00,0.523577238971,,,
2017-08-01 13:59:00,0.479198016618,,,
2017-08-01 14:01:00,0.505693304659,,,
2017-08-01 14:03:00,0.512012917791,,,
2017-08-01 14:05:00,0.501317093458,,,
2017-08-01 14:07:00,0.466997200647,,,
2017-08-01 14:09:00,0.477017006371,,,
2017-08-01 14:11:00,0.449440466418,,,
2017-08-01 14:13:00,0.423671323516,,,
2017-08-01 14:15:00,0.421505169664,,,
2017-08-01 14:17:00,0.432605123916,,,
2017-08-01 14:19:00,0.386549327901,,,
2017-08-01 14:21:00,0.361537545445,,,
2017-08-01 14:23:00,0.369719908096,,,
2017-08-01 14:25:00,0.356447509863,,,
2017-08-01 14:27:00,0.348842572607,,,
2017-08-01 14:29:00,0.361389869279,,,
2017-08-01 14:31:00,0.357437858521,,,
2017-08-01 14:33:00,0.358644366447,,,
2017-08-01 14:35:00,0.344966245336,,,
2017-08-01 14:40:00,0.348992436102,,,
2017-08-01 14:42:00,0.366395527735,,,
2017-08-01 14:44:00,0.348839193108,,,
2017-08-01 14:46:00,0.35486389595,,,
2017-08-01 14:48:00,0.29706798699,,,
2017-08-01 14:50:00,0.333634921518,,,
2017-08-01 14:52:00,0.344889275644,,,
2017-08-01 14:54:00,0.367485467034,,,
2017-08-01 14:56:00,0.326198450488,,,
2017-08-01 14:58:00,0.34269344983,,,
2017-08-01 15:00:00,0.317720032213,,,
2017-08-01 15:02:00,0.32205950521,,,
2017-08-01 15:04:00,0.315376826708,,,
2017-08-01 15:06:00,0.324716464498,,,
2017-08-01 15:08:00,0.33014164068,,,
2017-08-01 15:10:00,0.304013154513,,,
2017-08-01 15:12:00,0.296824655212,,,
2017-08-01 15:14:00,0.311393668763,,,
2017-08-01 15:16:00,0.319149555617,,,
2017-08-01 15:18:00,0.315550650911,,,
2017-08-01 15:20:00,0.310185416372,,,
2017-08-01 15:22:00,0.311038358759,,,
2017-08-01 15:24:00,0.308343792553,,,
2017-08-01 15:26:00,0.298779571103,,,
2017-08-01 15:28:00,0.310309367006,,,
2017-08-01 15:30:00,0.288459861967,,,
2017-08-01 15:32:00,0.288156233768,,,
2017-08-01 15:34:00,0.310292292258,,,
2017-08-01 15:36:00,0.29182493782,,,
2017-08-01 15:38:00,0.28619697843,,,
2017-08-01 15:40:00,0.278254718763,,,
2017-08-01 15:42:00,0.26536760248,,,
2017-08-01 15:44:00,0.268754475549,,,
2017-08-01 15:46:00,0.272961821981,,,
2017-08-01 15:48:00,0.291388442732,,,
2017-08-01 15:50:00,0.283627554997,,,
2017-08-01 15:52:00,0.295956547742,,,
2017-08-01 15:54:00,0.282876425056,,,
2017-08-01 15:56:00,0.289414531696,,,
2017-08-01 15:58:00,0.290757732741,,,
2017-08-01 16:00:00,0.275868646054,,,
2017-08-01 16:02:00,0.302771349889,,,
2017-08-01 16:04:00,0.3039667119,,,
2017-08-01 16:06:00,0.298466807137,,,
2017-08-01 16:08:00,0.29818606386,,,
2017-08-01 16:10:00,0.294793552888,,,
2017-08-01 16:12:00,0.29110088255,,,
2017-08-01 16:14:00,0.320239123322,,,
2017-08-01 16:16:00,0.299995505007,,,
2017-08-01 16:18:00,0.307402002465,,,
2017-08-01 16:20:00,0.30472205768,,,
2017-08-01 16:22:00,0.285718589108,,,
2017-08-01 16:24:00,0.314904563324,,,
2017-08-01 16:26:00,0.306825866349,,,
2017-08-01 16:28:00,0.316396465743,,,
2017-08-01 16:30:00,0.313638678098,,,
2017-08-01 16:32:00,0.321268121229,,,
2017-08-01 16:34:00,0.338349053988,,,
2017-08-01 16:36:00,0.320778192262,,,
2017-08-01 16:38:00,0.338059027521,,,
2017-08-01 16:40:00,0.325865602998,,,
2017-08-01 16:42:00,0.347415975976,,,
2017-08-01 16:44:00,0.366577490686,,,
2017-08-01 16:46:00,0.365094649147,,,
2017-08-01 16:48:00,0.40437391232,,,
2017-08-01 16:50:00,0.398562469315,,,
2017-08-01 16:52:00,0.422096208783,,,
2017-08-01 16:54:00,0.400357854199,,,
2017-08-01 16:56:00,0.440302112995,,,
2017-08-01 16:58:00,0.479840894369,,,
2017-08-01 17:00:00,0.449062246597,,,
2017-08-01 17:02:00,0.468433757723,,,
2017-08-01 17:04:00,0.480830628235,,,
2017-08-01 17:06:00,0.464762378426,,,
2017-08-01 17:08:00,0.503160852963,,,
2017-08-01 17:10:00,0.522598719705,,,
2017-08-01 17:12:00,0.529230640156,,,
2017-08-01 17:14:00,0.516376929185,,,
2017-08-01 17:16:00,0.546159985613,,,
2017-08-01 17:18:00,0.538594608765,,,
2017-08-01 17:20:00,0.510352032982,,,
2017-08-01 17:22:00,0.515858045787,,,
2017-08-01 17:24:00,0.508451465965,,,
2017-08-01 17:26:00,0.536213184399,,,
2017-08-01 17:28:00,0.55030753266,,,
2017-08-01 17:30:00,0.547467257249,,,
2017-08-01 17:32:00,0.541339612373,,,
2017-08-01 17:34:00,0.54212228048,,,
2017-08-01 17:36:00,0.587007266429,,,
2017-08-01 17:38:00,0.579189990251,,,
2017-08-01 17:40:00,0.601770371687,,,
2017-08-01 17:42:00,0.610695696099,,,
2017-08-01 17:44:00,0.598401865801,,,
2017-08-01 17:46:00,0.615657938717,,,
2017-08-01 17:48:00,0.616541411689,,,
2017-08-01 17:50:00,0.595845005035,,,
2017-08-01 17:52:00,0.620229287255,,,
2017-08-01 17:54:00,0.622365375696,,,
2017-08-01 17:56:00,0.620682988309,,,
2017-08-01 17:58:00,0.60912482279,,,
2017-08-01 18:00:00,0.60344035895,,,
2017-08-01 18:02:00,0.60334175486,,,
2017-08-01 18:04:00,0.590784495616,,,
2017-08-01 18:06:00,0.597065498498,,,
2017-08-01 18:08:00,0.590235472582,,,
2017-08-01 18:10:00,0.56528741406,,,
2017-08-01 18:12:00,0.584564596817,,,
2017-08-01 18:14:00,0.573104286691,,,
2017-08-01 18:16:00,0.566149884443,,,
2017-08-01 18:18:00,0.571285223639,,,
2017-08-01 18:20:00,0.576914145905,,,
2017-08-01 18:22:00,0.565541557386,,,
2017-08-01 18:24:00,0.555457922518,,,
2017-08-01 18:26:00,0.5653199601,,,
2017-08-01 18:28:00,0.543313961896,,,
2017-08-01 18:30:00,0.556145310382,,,
2017-08-01 18:32:00,0.53408511405,,,
2017-08-01 18:34:00,0.525463541743,,,
2017-08-01 18:36:00,0.519175435564,,,
2017-08-01 18:38:00,0.521174513035,,,
2017-08-01 18:40:00,0.498454948562,,,
2017-08-01 18:42:00,0.50988340037,,,
2017-08-01 18:44:00,0.479147541326,,,
2017-08-01 18:46:00,0.482260628972,,,
2017-08-01 18:48:00,0.491794405026,,,
2017-08-01 18:50:00,0.476902647123,,,
2017-08-01 18:52:00,0.506354938019,,,
2017-08-01 18:54:00,0.494635202708,,,
2017-08-01 18:56:00,0.472395301949,,,
2017-08-01 18:58:00,0.501080946466,,,
2017-08-01 19:00:00,0.493233571991,,,
2017-08-01 19:02:00,0.487231420324,,,
2017-08-01 19:04:00,0.490253133263,,,
2017-08-01 19:06:00,0.492402585817,,,
2017-08-01 19:08:00,0.507946104921,,,
2017-08-01 19:10:00,0.507249303664,,,
2017-08-01 19:12:00,0.509402525496,,,
2017-08-01 19:14:00,0.362369897379,,,
2017-08-01 19:16:00,0.0582864596986,,,
2017-08-01 19:18:00,0.0640393032906,,,
2017-08-01 19:20:00,0.0628755320712,,,
2017-08-01 19:22:00,0.0581932521562,,,
2017-08-01 19:24:00,0.0570921696003,,,
2017-08-01 19:26:00,0.0626943775709,,,
2017-08-01 19:28:00,0.150661383211,,,
2017-08-01 19:30:00,0.238628388851,,,
2017-08-01 19:32:00,0.32659539449,,,
2017-08-01 19:34:00,0.41456240013,,,
2017-08-01 19:36:00,0.43955369504,,,
2017-08-01 19:38:00,0.461305575537,,,
2017-08-01 19:40:00,0.486039538632,,,
2017-08-01 19:42:00,0.483259579905,,,
2017-08-01 19:44:00,0.49656676462,,,
2017-08-01 19:46:00,0.488311725969,,,
2017-08-01 19:48:00,0.485516307455,,,
2017-08-01 19:50:00,0.487121470976,,,
2017-08-01 19:52:00,0.465227205232,,,
2017-08-01 19:54:00,0.449075135762,,,
2017-08-01 19:56:00,0.424363369685,,,
2017-08-01 19:58:00,0.245503325021,,,
2017-08-01 20:00:00,0.0624511664331,,,
2017-08-01 20:02:00,0.0609746677289,,,
2017-08-01 20:04:00,0.0566049209661,,,
2017-08-01 20:06:00,0.0573115472472,,,
2017-08-01 20:08:00,0.0559573600504,,,
2017-08-01 20:10:00,0.0545786798925,,,
2017-08-01 20:12:00,0.0540828773855,,,
2017-08-01 20:14:00,0.0544588281608,,,
2017-08-01 20:16:00,0.0525724708462,,,
2017-08-01 20:18:00,0.0542398452129,,,
2017-08-01 20:20:00,0.0641658470175,,,
2017-08-01 20:22:00,0.0646971371356,,,
2017-08-01 20:24:00,0.055800788134,,,
2017-08-01 20:26:00,0.0589048553362,,,
2017-08-01 20:28:00,0.052867085869,,,
2017-08-01 20:30:00,0.0594076297598,,,
2017-08-01 20:32:00,0.05789897258,,,
2017-08-01 20:34:00,0.0566718478372,,,
2017-08-01 20:36:00,0.0577901361396,,,
2017-08-01 20:38:00,0.0582463312835,,,
2017-08-01 20:40:00,0.0503572685745,,,
2017-08-01 20:42:00,0.377576873849,,,
2017-08-01 20:44:00,0.561930408484,,,
2017-08-01 20:46:00,0.370994596092,,,
2017-08-01 20:48:00,0.132597166068,,,
2017-08-01 20:50:00,0.438144660038,,,
2017-08-01 20:52:00,0.418658094468,,,
2017-08-01 20:54:00,0.566316118413,,,
2017-08-01 20:56:00,0.605044012227,,,
2017-08-01 20:58:00,0.593881774512,,,
2017-08-01 21:00:00,0.527662250426,,,
2017-08-01 21:02:00,0.603024049933,,,
2017-08-01 21:04:00,0.616012162303,,,
2017-08-01 21:06:00,0.6386513836,,,
2017-08-01 21:08:00,0.63546739556,,,
2017-08-01 21:10:00,0.638680751108,,,
2017-08-01 21:12:00,0.644933603088,,,
2017-08-01 21:14:00,0.625416472333,,,
2017-08-01 21:16:00,0.655411525726,,,
2017-08-01 21:18:00,0.662923880809,,,
2017-08-01 21:20:00,0.650288422909,,,
2017-08-01 21:22:00,0.651051007714,,,
2017-08-01 21:24:00,0.664561428269,,,
2017-08-01 21:26:00,0.637555710929,,,
2017-08-01 21:28:00,0.620593273748,,,
2017-08-01 21:30:00,0.619141868051,,,
2017-08-01 21:32:00,0.633201724111,,,
2017-08-01 21:34:00,0.61237459883,,,
2017-08-01 21:36:00,0.593149662645,,,
2017-08-01 21:38:00,0.598776625952,,,
2017-08-01 21:40:00,0.566551309487,,,
2017-08-01 21:42:00,0.565934338136,,,
2017-08-01 21:44:00,0.563150464854,,,
2017-08-01 21:46:00,0.543596720368,,,
2017-08-01 21:48:00,0.58058184925,,,
2017-08-01 21:50:00,0.575281018642,,,
2017-08-01 21:52:00,0.569980188034,,,
2017-08-01 21:54:00,0.564679357426,,,
2017-08-01 21:56:00,0.559378526817,,,
2017-08-01 21:58:00,0.554077696209,,,
2017-08-01 22:00:00,0.548776865601,,,
2017-08-01 22:02:00,0.543476034992,,,
2017-08-01 22:04:00,0.538175204384,,,
2017-08-01 22:06:00,0.532874373776,,,
2017-08-01 22:08:00,0.527573543167,,,
2017-08-01 22:10:00,0.522272712559,,,
2017-08-01 22:12:00,0.516971881951,,,
2017-08-01 22:14:00,0.511671051343,,,
2017-08-01 22:16:00,0.506370220734,,,
2017-08-01 22:18:00,0.501069390126,,,
2017-08-01 22:20:00,0.495768559518,,,
2017-08-01 22:22:00,0.490467728909,,,
2017-08-01 22:24:00,0.485166898301,,,
2017-08-01 22:26:00,0.479866067693,,,
2017-08-01 22:28:00,0.474565237084,,,
2017-08-01 22:30:00,0.469264406476,,,
2017-08-01 22:32:00,0.463963575868,,,
2017-08-01 22:34:00,0.45866274526,,,
2017-08-01 22:36:00,0.453361914651,,,
2017-08-01 22:38:00,0.448061084043,,,
2017-08-01 22:40:00,0.442760253435,,,
2017-08-01 22:42:00,0.437459422826,,,
2017-08-01 22:44:00,0.432158592218,,,
2017-08-01 22:46:00,0.42685776161,,,
2017-08-01 22:48:00,0.421556931001,,,
2017-08-01 22:50:00,0.416256100393,,,
2017-08-01 22:52:00,0.410955269785,,,
2017-08-01 22:54:00,0.405654439177,,,
2017-08-01 22:56:00,0.400353608568,,,
2017-08-01 22:58:00,0.39505277796,,,
2017-08-01 23:00:00,0.389751947352,,,
2017-08-01 23:02:00,0.384451116743,,,
2017-08-01 23:04:00,0.379150286135,,,
2017-08-01 23:06:00,0.373849455527,,,
2017-08-01 23:08:00,0.368548624918,,,
2017-08-01 23:10:00,0.36324779431,,,
2017-08-01 23:12:00,0.357946963702,,,
2017-08-01 23:14:00,0.352646133094,,,
2017-08-01 23:16:00,0.347345302485,,,
2017-08-01 23:18:00,0.342044471877,,,
2017-08-01 23:20:00,0.336743641269,,,
2017-08-01 23:22:00,0.33144281066,,,
2017-08-01 23:24:00,0.326141980052,,,
2017-08-01 23:26:00,0.320841149444,,,
2017-08-01 23:28:00,0.315540318835,,,
2017-08-01 23:30:00,0.310239488227,,,
2017-08-01 23:32:00,0.304938657619,,,
2017-08-01 23:34:00,0.299637827011,,,
2017-08-01 23:36:00,0.294336996402,,,
2017-08-01 23:38:00,0.289036165794,,,
2017-08-01 23:40:00,0.283735335186,,,
2017-08-01 23:42:00,0.278434504577,,,
2017-08-01 23:44:00,0.273133673969,,,
2017-08-01 23:46:00,0.267832843361,,,
2017-08-01 23:48:00,0.262532012752,,,
2017-08-01 23:50:00,0.257231182144,,,
2017-08-01 23:52:00,0.251930351536,,,
2017-08-01 23:54:00,0.246629520928,,,
2017-08-01 23:56:00,0.241328690319,,,
2017-08-01 23:58:00,0.20639011399,,,
2017-08-02 00:00:00,0.211457280222,,,
2017-08-02 00:02:00,0.213476840561,,,
2017-08-02 00:04:00,0.227104668239,,,
2017-08-02 00:06:00,0.209107150406,,,
2017-08-02 00:08:00,0.213000280771,,,
2017-08-02 00:10:00,0.226308620071,,,
2017-08-02 00:12:00,0.226299498266,,,
2017-08-02 00:14:00,0.218207593049,,,
2017-08-02 00:16:00,0.217638879686,,,
2017-08-02 00:18:00,0.223952007067,,,
2017-08-02 00:20:00,0.218308993326,,,
2017-08-02 00:22:00,0.239206833484,,,
2017-08-02 00:24:00,0.224926760305,,,
2017-08-02 00:26:00,0.210646687125,,,
2017-08-02 00:28:00,0.246432140473,,,
2017-08-02 00:30:00,0.289987827627,,,
2017-08-02 00:32:00,0.279968350656,,,
2017-08-02 00:34:00,0.258800467506,,,
2017-08-02 00:36:00,0.289754328976,,,
2017-08-02 00:38:00,0.268472514938,,,
2017-08-02 00:40:00,0.270084461395,,,
2017-08-02 00:42:00,0.299652659093,,,
2017-08-02 00:44:00,0.293086439037,,,
2017-08-02 00:46:00,0.323180483471,,,
2017-08-02 00:48:00,0.317908185744,,,
2017-08-02 00:50:00,0.341701810171,,,
2017-08-02 00:52:00,0.340091609675,,,
2017-08-02 00:54:00,0.342155669196,,,
2017-08-02 00:56:00,0.389954181466,,,
2017-08-02 00:58:00,0.372669075335,,,
2017-08-02 01:00:00,0.391067921597,,,
2017-08-02 01:02:00,0.426376803227,,,
2017-08-02 01:04:00,0.439064418024,,,
2017-08-02 01:06:00,0.451409914748,,,
2017-08-02 01:08:00,0.466892889887,,,
2017-08-02 01:10:00,0.474885976766,,,
2017-08-02 01:12:00,0.48152172749,,,
2017-08-02 01:14:00,0.494001741749,,,
2017-08-02 01:15:00,0.495786729197,,,
2017-08-02 01:16:00,0.52185478359,,,
2017-08-02 01:18:00,0.51441622849,,,
2017-08-02 01:20:00,0.53754827309,,,
2017-08-02 01:22:00,0.51945758798,0.518778145313,,
2017-08-02 01:24:00,0.565371406427,0.52195584774,,
2017-08-02 01:26:00,0.566088854759,0.525929629803,0.562221004093,
2017-08-02 01:28:00,0.562221004093,0.53885191679,,
2017-08-02 01:30:00,0.579074668923,0.572048127651,,
2017-08-02 01:32:00,0.585307463032,0.555954635143,,
2017-08-02 01:34:00,0.511828552542,0.564907252789,,
2017-08-02 01:36:00,0.513860035087,0.580203235149,,
2017-08-02 01:38:00,0.534059691855,0.52975910902,,
2017-08-02 01:40:00,0.514633357293,0.485857665539,,
2017-08-02 01:42:00,0.558026228034,0.522736608982,,
2017-08-02 01:44:00,0.559120691727,0.520769417286,,
2017-08-02 01:46:00,0.544950238909,0.532148241997,,
2017-08-02 01:48:00,0.536387657624,0.564494669437,,
2017-08-02 01:50:00,0.550692523614,0.542504489422,,
2017-08-02 01:52:00,0.541832121215,0.528280794621,,
2017-08-02 01:54:00,0.521183875011,0.53704226017,,
2017-08-02 01:56:00,0.531466316946,0.542108416557,,
2017-08-02 01:58:00,0.511027541334,0.51873588562,,
2017-08-02 02:00:00,0.555296651088,0.516125023365,,
2017-08-02 02:02:00,0.508215016002,0.514758050442,,
2017-08-02 02:04:00,0.51118445117,0.529010772705,,
2017-08-02 02:06:00,0.505431788267,0.529991030693,,
2017-08-02 02:08:00,0.540684900634,0.490677654743,,
2017-08-02 02:10:00,0.528481844278,0.503005385399,,
2017-08-02 02:12:00,0.531073988498,0.522012352943,,
2017-08-02 02:14:00,0.496287689482,0.536467552185,,
2017-08-02 02:16:00,0.508726126693,0.520316898823,,
2017-08-02 02:18:00,0.484735139067,0.502483963966,,
2017-08-02 02:20:00,0.46859847903,0.489373028278,,
2017-08-02 02:22:00,0.484069279509,0.491229772568,,
2017-08-02 02:24:00,0.474962845843,0.46236205101,,
2017-08-02 02:26:00,0.477957710765,0.470437824726,,
2017-08-02 02:28:00,0.458369446685,0.478269457817,,
2017-08-02 02:30:00,0.484181304798,0.470140039921,,
2017-08-02 02:32:00,0.476079766648,0.461660265923,,
2017-08-02 02:34:00,0.430337089929,0.466352880001,,
2017-08-02 02:36:00,0.437372255096,0.482136130333,,
2017-08-02 02:38:00,0.448272665363,0.438946068287,,
2017-08-02 02:40:00,0.418315205998,0.419152200222,,
2017-08-02 02:42:00,0.441599673284,0.444350421429,,
2017-08-02 02:44:00,0.412984658856,0.428475081921,,
2017-08-02 02:46:00,0.400771013113,0.423038184643,,
2017-08-02 02:48:00,0.411996832297,0.426804959774,,
2017-08-02 02:50:00,0.393902255902,0.394569814205,,
2017-08-02 02:52:00,0.428633454901,0.403578400612,,
2017-08-02 02:54:00,0.434222625013,0.401697635651,,
2017-08-02 02:56:00,0.421743275012,0.410726845264,,
2017-08-02 02:58:00,0.408407318706,0.440506756306,,
2017-08-02 03:00:00,0.408125817931,0.424922645092,,
2017-08-02 03:02:00,0.431328743525,0.407118022442,,
2017-08-02 03:04:00,0.404468903881,0.402834713459,,
2017-08-02 03:06:00,0.415034385892,0.422116339207,,
2017-08-02 03:08:00,0.416051885785,0.417940020561,,
2017-08-02 03:10:00,0.402974555938,0.40210288763,,
2017-08-02 03:12:00,0.431959742114,0.417241334915,,
2017-08-02 03:14:00,0.404061064506,0.405805885792,,
2017-08-02 03:16:00,0.439753015143,0.417153477669,,
2017-08-02 03:18:00,0.399498999874,0.419630587101,,
2017-08-02 03:20:00,0.409831391618,0.418140351772,,
2017-08-02 03:22:00,0.388704781732,0.420940876007,,
2017-08-02 03:24:00,0.448522639904,0.393131613731,,
2017-08-02 03:26:00,0.434306653711,0.397456169128,,
2017-08-02 03:28:00,0.445287506165,0.421571195126,,
2017-08-02 03:30:00,0.425694255327,0.453883111477,,
2017-08-02 03:32:00,0.455868486695,0.434656500816,,
2017-08-02 03:34:00,0.437770068075,0.432641983032,,
2017-08-02 03:36:00,0.442797221479,0.437809169292,,
2017-08-02 03:38:00,0.452049544426,0.449540317059,,
2017-08-02 03:40:00,0.446476707423,0.432996809483,,
2017-08-02 03:42:00,0.431872630046,0.447742938995,,
2017-08-02 03:44:00,0.458120920373,0.447895944118,,
2017-08-02 03:46:00,0.429801150672,0.432087600231,,
2017-08-02 03:48:00,0.43929277871,0.442688643932,,
2017-08-02 03:50:00,0.398296129353,0.443696558475,,
2017-08-02 03:52:00,0.397693539562,0.42529463768,,
2017-08-02 03:54:00,0.350019039704,0.412219822407,,
2017-08-02 03:56:00,0.370611025327,0.384579002857,,
2017-08-02 03:58:00,0.386091461883,0.364826798439,,
2017-08-02 04:00:00,0.354539494124,0.350365698338,,
2017-08-02 04:02:00,0.35373810529,0.387254536152,,
2017-08-02 04:04:00,0.35588647639,0.368924438953,,
2017-08-02 04:06:00,0.364905617077,0.34515440464,,
2017-08-02 04:08:00,0.360027848074,0.355705559254,,
2017-08-02 04:10:00,0.387444699874,0.363090395927,,
2017-08-02 04:12:00,0.417366125973,0.364517688751,,
2017-08-02 04:14:00,0.422666281222,0.377214670181,,
2017-08-02 04:16:00,0.444316967061,0.414905905724,,
2017-08-02 04:18:00,0.458456462084,0.427842140198,,
2017-08-02 04:20:00,0.47466883889,0.436520159245,,
2017-08-02 04:22:00,0.471625166351,0.457296609879,,
2017-08-02 04:24:00,0.473182086192,0.469967246056,,
2017-08-02 04:26:00,0.51041619892,0.473357379436,,
2017-08-02 04:28:00,0.507028668875,0.467769503593,,
2017-08-02 04:30:00,0.544484960404,0.49452662468,,
2017-08-02 04:32:00,0.514922972034,0.513802051544,,
2017-08-02 04:34:00,0.555414652389,0.525562763214,,
2017-08-02 04:36:00,0.563665962663,0.529182672501,,
2017-08-02 04:38:00,0.595286550072,0.527399897575,,
2017-08-02 04:40:00,0.577513196582,0.565943479538,,
2017-08-02 04:42:00,0.574715584369,0.57956725359,,
2017-08-02 04:44:00,0.616457892934,0.584104895592,,
2017-08-02 04:46:00,0.589002805357,0.562224388123,,
2017-08-02 04:48:00,0.568602079328,0.593929767609,,
2017-08-02 04:50:00,0.539166505966,0.601058959961,,
2017-08-02 04:52:00,0.586937426005,0.558602809906,,
2017-08-02 04:54:00,0.574430482023,0.535374462605,,
2017-08-02 04:56:00,0.572681119239,0.555869996548,,
2017-08-02 04:58:00,0.571990863217,0.584563612938,,
2017-08-02 05:00:00,0.592520470308,0.56145042181,,
2017-08-02 05:02:00,0.601186582251,0.563948869705,,
2017-08-02 05:04:00,0.570285781009,0.57770884037,,
2017-08-02 05:06:00,0.5646847205,0.595832109451,,
2017-08-02 05:08:00,0.585686454492,0.574141561985,,
2017-08-02 05:10:00,0.567972334783,0.549610078335,,
2017-08-02 05:12:00,0.598007894441,0.569674253464,,
2017-08-02 05:14:00,0.578526902899,0.571822822094,,
2017-08-02 05:16:00,0.566512868009,0.575024783611,,
2017-08-02 05:18:00,0.553610295672,0.585230588913,,
2017-08-02 05:20:00,0.585859173286,0.556549608707,,
2017-08-02 05:22:00,0.567090809943,0.546852231026,,
2017-08-02 05:24:00,0.558076015781,0.56427448988,,
2017-08-02 05:26:00,0.558188426672,0.574660897255,,
2017-08-02 05:28:00,0.551124530269,0.547756850719,,
2017-08-02 05:30:00,0.535697514504,0.548312187195,,
2017-08-02 05:32:00,0.508172902186,0.546299159527,,
2017-08-02 05:34:00,0.514733202298,0.531753182411,,
2017-08-02 05:36:00,0.523233207659,0.506396830082,,
2017-08-02 05:38:00,0.498761176689,0.499118864536,,
2017-08-02 05:40:00,0.493763260465,0.516903936863,,
2017-08-02 05:42:00,0.460431184154,0.503496289253,,
2017-08-02 05:44:00,0.465621825804,0.483154714108,,
2017-08-02 05:46:00,0.451604703853,0.465382456779,,
2017-08-02 05:48:00,0.453407629144,0.450529277325,,
2017-08-02 05:50:00,0.441217988226,0.454280793667,,
2017-08-02 05:52:00,0.423844891059,0.445474624634,,
2017-08-02 05:54:00,0.41147973255,0.442660987377,,
2017-08-02 05:56:00,0.40671257641,0.423252105713,,
2017-08-02 05:58:00,0.415365600286,0.408414125443,,
2017-08-02 06:00:00,0.403565988487,0.403106749058,,
2017-08-02 06:02:00,0.371511548476,0.409712195396,,
2017-08-02 06:04:00,0.37890683439,0.408337950706,,
2017-08-02 06:06:00,0.365328550102,0.377339661121,,
2017-08-02 06:08:00,0.371564882784,0.366917848587,,
2017-08-02 06:10:00,0.336107110322,0.371849000454,,
2017-08-02 06:12:00,0.35235238986,0.365601241589,,
2017-08-02 06:14:00,0.33829661139,0.349762141705,,
2017-08-02 06:16:00,0.29536328491,0.337688148022,,
2017-08-02 06:18:00,0.306534159461,0.34864449501,,
2017-08-02 06:20:00,0.322087083621,0.306621134281,,
2017-08-02 06:22:00,0.300057370073,0.29300069809,,
2017-08-02 06:24:00,0.327470856435,0.322874009609,,
2017-08-02 06:26:00,0.307249365054,0.313804626465,,
2017-08-02 06:28:00,0.243567737858,0.31442630291,,
2017-08-02 06:30:00,0.255746643471,0.323864400387,,
2017-08-02 06:32:00,0.249037053265,0.261043071747,,
2017-08-02 06:34:00,0.294456574739,0.237736821175,,
2017-08-02 06:36:00,0.269350563957,0.259584367275,,
2017-08-02 06:38:00,0.279493045449,0.281953454018,,
2017-08-02 06:40:00,0.263145750855,0.294142842293,,
2017-08-02 06:42:00,0.274566480514,0.2723274827,,
2017-08-02 06:44:00,0.283472176606,0.27520263195,,
2017-08-02 06:46:00,0.261227891291,0.269979417324,,
2017-08-02 06:48:00,,0.2876547575,,
2017-08-02 06:50:00,0.275578778426,0.274558246136,,
2017-08-02 06:54:00,0.262774785262,0.259129464626,,
2017-08-02 06:56:00,0.271414354247,,,
2017-08-02 06:58:00,0.255920652656,0.283085227013,,
2017-08-02 07:00:00,0.240983784661,0.26867634058,,
2017-08-02 07:02:00,0.257231172479,0.267501533031,,
2017-08-02 07:04:00,0.251315076719,0.245706915855,,
2017-08-02 07:06:00,0.243891162593,0.252429068089,,
2017-08-02 07:08:00,0.244701407284,0.262525677681,,
2017-08-02 07:10:00,0.240984180326,0.249102473259,,
2017-08-02 07:12:00,0.255268978163,0.247112572193,,
2017-08-02 07:14:00,0.271159880937,0.247324407101,,
2017-08-02 07:16:00,0.265352850617,0.254378557205,,
2017-08-02 07:18:00,0.265200956404,0.274554431438,,
2017-08-02 07:20:00,0.259347785185,0.275749921799,,
2017-08-02 07:22:00,0.250377811749,0.267485380173,,
2017-08-02 07:24:00,0.25239013465,0.265315532684,,
2017-08-02 07:26:00,0.280575867328,0.255888223648,,
2017-08-02 07:28:00,0.271482097126,0.253691613674,,
2017-08-02 07:30:00,0.256812493718,0.276367485523,,
2017-08-02 07:32:00,0.251302290835,0.286319851875,,
2017-08-02 07:34:00,0.214093298126,0.262658715248,,
2017-08-02 07:36:00,0.271983576029,0.253180623055,,
2017-08-02 07:38:00,0.273033184151,0.229479670525,,
2017-08-02 07:40:00,0.247022159518,0.247696042061,,
2017-08-02 07:42:00,0.212777842489,0.293833196163,,
2017-08-02 07:44:00,0.23555187167,0.259459912777,,
2017-08-02 07:46:00,0.251940555485,0.221178770065,,
2017-08-02 07:48:00,0.220627005615,0.223976075649,,
2017-08-02 07:50:00,0.239463406746,0.258592069149,,
2017-08-02 07:52:00,0.257824294036,0.240361571312,,
2017-08-02 07:54:00,0.241339308087,0.229571223259,,
2017-08-02 07:56:00,0.229435979087,0.262485265732,,
2017-08-02 07:58:00,0.239725014145,0.256516575813,,
2017-08-02 08:00:00,0.253577512963,0.233372151852,,
2017-08-02 08:02:00,0.246281703827,0.238256514072,,
2017-08-02 08:04:00,0.275540449327,0.257099688053,,
2017-08-02 08:06:00,0.254350135956,0.257264494896,,
2017-08-02 08:08:00,0.232365727599,0.268339574337,,
2017-08-02 08:10:00,0.233968998554,0.273769021034,,
2017-08-02 08:12:00,0.245416261842,0.237707138062,,
2017-08-02 08:14:00,0.257294368748,0.232304275036,,
2017-08-02 08:16:00,0.231630199219,0.247426152229,,
2017-08-02 08:18:00,0.242365194049,0.261536300182,,
2017-08-02 08:20:00,0.237325660295,0.247990369797,,
2017-08-02 08:22:00,0.263046320088,0.236444413662,,
2017-08-02 08:24:00,0.254844507818,0.247228741646,,
2017-08-02 08:26:00,0.255984293057,0.258052587509,,
2017-08-02 08:28:00,0.264858136169,0.26936095953,,
2017-08-02 08:30:00,0.27287282131,0.257486999035,,
2017-08-02 08:32:00,0.235103784887,0.266674995422,,
2017-08-02 08:34:00,0.263492470572,0.276888668537,,
2017-08-02 08:36:00,0.275889461486,0.253755807877,,
2017-08-02 08:38:00,0.249619456781,0.247984051704,,
2017-08-02 08:40:00,0.267330611155,0.284477174282,,
2017-08-02 08:42:00,0.334646588554,0.265540838242,,
2017-08-02 08:44:00,0.267375680035,0.258212685585,,
2017-08-02 08:46:00,0.29379545527,0.32158523798,,
2017-08-02 08:48:00,0.296728978142,0.311044633389,,
2017-08-02 08:50:00,0.31019058316,0.268659830093,,
2017-08-02 08:52:00,0.333068096904,0.306849122047,,
2017-08-02 08:54:00,0.318022560548,0.309284389019,,
2017-08-02 08:56:00,0.358638747727,0.331746220589,,
2017-08-02 08:58:00,0.362031420646,0.331188440323,,
2017-08-02 09:00:00,0.370290765415,0.342549800873,,
2017-08-02 09:02:00,0.381558727923,0.373478114605,,
2017-08-02 09:04:00,0.390278173681,0.368670701981,,
2017-08-02 09:06:00,0.378545629299,0.380236566067,,
2017-08-02 09:08:00,0.40548933336,0.390241444111,,
2017-08-02 09:10:00,0.413070432167,0.384207844734,,
2017-08-02 09:12:00,0.415406889777,0.39266782999,,
2017-08-02 09:14:00,0.422266444977,0.417240202427,,
2017-08-02 09:16:00,0.433984715208,0.415098667145,,
2017-08-02 09:18:00,0.443702871305,0.418893814087,,
2017-08-02 09:20:00,0.435106522954,0.430099010468,,
2017-08-02 09:22:00,0.44062771467,0.441454052925,,
2017-08-02 09:24:00,0.458815930514,0.437961161137,,
2017-08-02 09:26:00,0.456946590962,0.433683097363,,
2017-08-02 09:28:00,0.480542972365,0.449366360903,,
2017-08-02 09:30:00,0.486977855916,0.450226634741,,
2017-08-02 09:32:00,0.487974446457,0.463689416647,,
2017-08-02 09:34:00,0.512022608501,0.47432744503,,
2017-08-02 09:36:00,0.501903315448,0.476630598307,,
2017-08-02 09:38:00,0.507854309409,0.494141727686,,
2017-08-02 09:40:00,0.518048099972,0.49414947629,,
2017-08-02 09:42:00,0.503250407622,0.496643394232,,
2017-08-02 09:44:00,0.524421945447,0.507087469101,,
2017-08-02 09:46:00,0.529711809983,0.499098032713,,
2017-08-02 09:48:00,0.508399735347,0.50914400816,,
2017-08-02 09:50:00,0.523605066229,0.517228722572,,
2017-08-02 09:52:00,,0.50443983078,,
2017-08-02 09:54:00,0.479787715589,0.513126850128,,
2017-08-02 09:56:00,0.389886778988,,,
2017-08-02 09:58:00,0.429022198309,0.485694438219,,
2017-08-02 10:00:00,0.430431500054,0.436713248491,,
2017-08-02 10:02:00,0.439402632149,0.436574876308,,
2017-08-02 10:04:00,0.425918966638,0.43682834506,,
2017-08-02 10:06:00,0.436184294186,0.425608247519,,
2017-08-02 10:08:00,0.415956548325,0.427754551172,,
2017-08-02 10:10:00,0.448810655937,0.431393831968,,
2017-08-02 10:12:00,0.420913300016,0.423418909311,,
2017-08-02 10:14:00,0.430194117853,0.435037791729,,
2017-08-02 10:16:00,0.426003496991,0.427156090736,,
2017-08-02 10:18:00,0.427588585969,0.424265235662,,
2017-08-02 10:20:00,0.417803131478,0.429258614779,,
2017-08-02 10:22:00,0.414291909396,0.424093663692,,
2017-08-02 10:24:00,0.403767679132,0.42086237669,,
2017-08-02 10:26:00,0.411089217393,0.416720479727,,
2017-08-02 10:28:00,0.427634788305,0.410336524248,,
2017-08-02 10:30:00,0.404688260933,0.410341918468,,
2017-08-02 10:32:00,0.419012782148,0.419344812632,,
2017-08-02 10:34:00,0.405912745557,0.408382087946,,
2017-08-02 10:36:00,0.398570487038,0.413972854614,,
2017-08-02 10:38:00,0.403098898098,0.4120182693,,
2017-08-02 10:40:00,0.373486505012,0.401970088482,,
2017-08-02 10:42:00,0.405517360141,0.405398458242,,
2017-08-02 10:44:00,0.414477601049,0.387813359499,,
2017-08-02 10:46:00,0.398571341231,0.3985234797,,
2017-08-02 10:48:00,0.396388581718,0.408578574657,,
2017-08-02 10:50:00,0.386105377261,0.397101134062,,
2017-08-02 10:52:00,0.373123038041,0.399767249823,,
2017-08-02 10:54:00,0.377941929929,0.395142227411,,
2017-08-02 10:56:00,0.392928021088,0.383285820484,,
2017-08-02 10:58:00,0.421184989184,0.38291785121,,
2017-08-02 11:00:00,0.39554574874,0.389336884022,,
2017-08-02 11:02:00,0.412105063506,0.404411613941,,
2017-08-02 11:04:00,0.38640732219,0.397380918264,,
2017-08-02 11:06:00,0.418066976693,0.405396729708,,
2017-08-02 11:08:00,0.393191469031,0.399553507566,,
2017-08-02 11:10:00,0.399209180405,0.407436698675,,
2017-08-02 11:12:00,0.412390228211,0.402237415314,,
2017-08-02 11:14:00,0.40328536666,0.397103309631,,
2017-08-02 11:16:00,0.428062853701,0.410661011934,,
2017-08-02 11:18:00,0.405252339193,0.403396517038,,
2017-08-02 11:20:00,0.420618618716,0.416762769222,,
2017-08-02 11:22:00,0.424216661944,0.411258101463,,
2017-08-02 11:24:00,0.410042549789,0.41436329484,,
2017-08-02 11:26:00,0.437320076298,0.423142522573,,
2017-08-02 11:28:00,0.427059481519,0.412087082863,,
2017-08-02 11:30:00,0.420644850393,0.427241832018,,
2017-08-02 11:32:00,0.418496356102,0.426988214254,,
2017-08-02 11:34:00,0.416557893021,0.419697403908,,
2017-08-02 11:36:00,0.429251206766,0.42249161005,,
2017-08-02 11:38:00,0.430190317297,0.418942153454,,
2017-08-02 11:40:00,0.423915602876,0.423967987299,,
2017-08-02 11:42:00,0.440552399114,0.4261687994,,
2017-08-02 11:44:00,0.416109313637,0.422917574644,,
2017-08-02 11:46:00,0.446038558869,0.433122962713,,
2017-08-02 11:48:00,0.416587176183,0.423060297966,,
2017-08-02 11:50:00,0.404276825987,0.43519359827,,
2017-08-02 11:52:00,0.373021396878,0.429862678051,,
2017-08-02 11:54:00,0.368701000384,0.414408475161,,
2017-08-02 11:56:00,0.385649961964,0.400642335415,,
2017-08-02 11:58:00,0.368735331346,0.386846363544,,
2017-08-02 12:00:00,0.362664849856,0.391655057669,,
2017-08-02 12:02:00,0.357248268441,0.379393577576,,
2017-08-02 12:04:00,0.353864497914,0.372209519148,,
2017-08-02 12:06:00,0.329879388648,0.370298296213,,
2017-08-02 12:08:00,0.341116823829,0.363336026669,,
2017-08-02 12:10:00,0.370480093123,0.347974389791,,
2017-08-02 12:12:00,0.381436183573,0.348371595144,,
2017-08-02 12:14:00,0.396123340639,0.364216595888,,
2017-08-02 12:16:00,0.416130066205,0.370587706566,,
2017-08-02 12:18:00,0.415143884072,0.383406549692,,
2017-08-02 12:20:00,0.416624450224,0.402478724718,,
2017-08-02 12:22:00,0.423689033186,0.408106833696,,
2017-08-02 12:24:00,0.429491632104,0.412245094776,,
2017-08-02 12:26:00,0.451315272627,0.42008125782,,
2017-08-02 12:28:00,0.480872823181,0.424414932728,,
2017-08-02 12:30:00,0.462165640533,0.437604397535,,
2017-08-02 12:32:00,0.483144891127,0.458779126406,,
2017-08-02 12:34:00,0.504974427676,0.457381248474,,
2017-08-02 12:36:00,0.510270717745,0.471972316504,,
2017-08-02 12:38:00,0.52051779127,0.492305636406,,
2017-08-02 12:40:00,0.543992369767,0.495967715979,,
2017-08-02 12:42:00,0.528421610134,0.507080852985,,
2017-08-02 12:44:00,0.525581763157,0.525690436363,,
2017-08-02 12:46:00,0.531352994413,0.522912979126,,
2017-08-02 12:48:00,0.53210551183,0.521465420723,,
2017-08-02 12:50:00,0.535927300822,0.528082728386,,
2017-08-02 12:52:00,0.536916319845,0.526377022266,,
2017-08-02 12:54:00,0.53575887255,0.528146147728,,
2017-08-02 12:56:00,0.517969443428,0.530394911766,,
2017-08-02 12:58:00,0.541823707868,0.530220389366,,
2017-08-02 13:00:00,0.526849498748,0.521472930908,,
2017-08-02 13:02:00,0.516558191737,0.531114935875,,
2017-08-02 13:04:00,0.518987710809,0.526597321033,,
2017-08-02 13:06:00,0.531715834211,0.51581466198,,
2017-08-02 13:08:00,0.524115780738,0.519482135773,,
2017-08-02 13:10:00,0.520248485663,0.523392558098,,
2017-08-02 13:12:00,0.547268412709,0.519653916359,,
2017-08-02 13:14:00,0.532528862204,0.517171144485,,
2017-08-02 13:16:00,0.55234456036,0.533071875572,,
2017-08-02 13:18:00,0.536361534119,0.525591790676,,
2017-08-02 13:20:00,0.550027330369,0.532054305077,,
2017-08-02 13:22:00,0.530736434302,0.53345477581,,
2017-08-02 13:24:00,0.492844298864,0.537697136402,,
2017-08-02 13:26:00,0.515676498887,0.530621647835,,
2017-08-02 13:28:00,0.504426188319,0.504752516747,,
2017-08-02 13:30:00,0.505437269647,0.511017560959,,
2017-08-02 13:32:00,0.473613462393,0.503732204437,,
2017-08-02 13:34:00,0.481312985107,0.495772778988,,
2017-08-02 13:36:00,0.495967434574,0.48377853632,,
2017-08-02 13:38:00,0.464959297664,0.479524731636,,
2017-08-02 13:40:00,0.472574416173,0.487661838531,,
2017-08-02 13:42:00,0.449076887503,0.46768951416,,
2017-08-02 13:44:00,0.443422024813,0.468327671289,,
2017-08-02 13:46:00,0.445353628339,0.459059387445,,
2017-08-02 13:48:00,0.442738039611,0.446152597666,,
2017-08-02 13:50:00,0.430445161817,0.447080314159,,
2017-08-02 13:52:00,0.407853342831,0.441024631262,,
2017-08-02 13:54:00,0.408009234243,0.432974934578,,
2017-08-02 13:56:00,0.386310777653,0.419305086136,,
2017-08-02 13:58:00,0.379734630748,0.414553374052,,
2017-08-02 14:00:00,0.356747501986,0.399881750345,,
2017-08-02 14:02:00,0.392684437123,0.388479948044,,
2017-08-02 14:04:00,0.376789249896,0.374668896198,,
2017-08-02 14:06:00,0.348449052692,0.385241091251,,
2017-08-02 14:08:00,0.35100590714,0.380941599607,,
2017-08-02 14:10:00,0.364312630053,0.360075712204,,
2017-08-02 14:12:00,0.339105567877,0.363148897886,,
2017-08-02 14:14:00,0.335313603824,0.366566836834,,
2017-08-02 14:16:00,0.31095757522,0.350403219461,,
2017-08-02 14:18:00,0.337992517456,0.344956457615,,
2017-08-02 14:20:00,0.293309336147,0.333230346441,,
2017-08-02 14:22:00,0.305123127616,0.338423460722,,
2017-08-02 14:24:00,0.307678823143,0.317673385143,,
2017-08-02 14:26:00,0.280869210975,0.312336444855,,
2017-08-02 14:28:00,0.28509449387,0.319599926472,,
2017-08-02 14:30:00,0.2915364404,0.297613531351,,
2017-08-02 14:32:00,0.253625198618,0.297617524862,,
2017-08-02 14:34:00,0.273031292465,0.301431030035,,
2017-08-02 14:36:00,0.283125520402,0.277487158775,,
2017-08-02 14:38:00,0.283516172316,0.282232642174,,
2017-08-02 14:40:00,0.292258048675,0.291008472443,,
2017-08-02 14:42:00,0.309537729557,0.286262631416,,
2017-08-02 14:44:00,0.295259388622,0.295095056295,,
2017-08-02 14:46:00,0.283060911181,0.307762742043,,
2017-08-02 14:48:00,0.280091913031,0.303622752428,,
2017-08-02 14:50:00,0.298892722469,0.297003746033,,
2017-08-02 14:52:00,0.287075679542,0.29626378417,,
2017-08-02 14:54:00,0.265797468972,0.302553534508,,
2017-08-02 14:56:00,0.286279247665,0.297150403261,,
2017-08-02 14:58:00,0.261999128543,0.283932685852,,
2017-08-02 15:00:00,0.250180278777,0.294380366802,,
2017-08-02 15:02:00,0.252979884718,0.282168328762,,
2017-08-02 15:04:00,0.241208166482,0.268276154995,,
2017-08-02 15:06:00,0.256127011077,0.270949661732,,
2017-08-02 15:08:00,0.244424964669,0.260156333447,,
2017-08-02 15:10:00,0.245357626415,0.263829946518,,
2017-08-02 15:12:00,0.221032465374,0.26044768095,,
2017-08-02 15:14:00,0.256367769323,0.257145345211,,
2017-08-02 15:16:00,0.236150818022,0.247026860714,,
2017-08-02 15:18:00,0.241116150507,0.2592689991,,
2017-08-02 15:20:00,0.214005686335,0.254164338112,,
2017-08-02 15:22:00,0.238605520933,0.24973076582,,
2017-08-02 15:24:00,0.227095902981,0.242538392544,,
2017-08-02 15:26:00,0.222813955864,0.247099339962,,
2017-08-02 15:28:00,0.245709309693,0.245425403118,,
2017-08-02 15:30:00,0.242920526483,0.23672991991,,
2017-08-02 15:32:00,0.22515000806,0.25254124403,,
2017-08-02 15:34:00,0.23143959238,0.252710103989,,
2017-08-02 15:36:00,0.207529145826,0.242789387703,,
2017-08-02 15:38:00,0.225664846269,0.247436642647,,
2017-08-02 15:40:00,0.0884704787462,0.234826087952,,0.157478901453
2017-08-02 15:42:00,0.157478901453,0.237046420574,,
2017-08-02 15:44:00,0.180979607715,0.168215811253,,
2017-08-02 15:46:00,0.167255204338,0.176832795143,,
2017-08-02 15:48:00,0.184276474152,0.200371682644,,
2017-08-02 15:50:00,0.17241391057,0.172780871391,,
